zip_code,zipcode,year,week,week_of_year,positive_detections,positive_count,elevated,week_start
00083,00083,2026,22,22,0,0,0,2026-06-01
00083,00083,2026,23,23,0,0,0,2026-06-08
00083,00083,2026,24,24,0,0,0,2026-06-15
00083,00083,2026,25,25,0,0,0,2026-06-22
00083,00083,2026,26,26,0,0,0,2026-06-29
00083,00083,2026,27,27,0,0,0,2026-07-06
00083,00083,2026,28,28,0,0,0,2026-07-13
00083,00083,2026,29,29,1,1,1,2026-07-20
00083,00083,2026,30,30,1,1,1,2026-07-27
00083,00083,2026,31,31,1,1,1,2026-08-03
00083,00083,2026,32,32,1,1,1,2026-08-10
00083,00083,2026,33,33,0,0,0,2026-08-17
10001,10001,2026,22,22,0,0,0,2026-06-01
10001,10001,2026,23,23,0,0,0,2026-06-08
10001,10001,2026,24,24,0,0,0,2026-06-15
10001,10001,2026,25,25,0,0,0,2026-06-22
10001,10001,2026,26,26,0,0,0,2026-06-29
10001,10001,2026,27,27,0,0,0,2026-07-06
10001,10001,2026,28,28,0,0,0,2026-07-13
10001,10001,2026,29,29,0,0,0,2026-07-20
10001,10001,2026,30,30,0,0,0,2026-07-27
10001,10001,2026,31,31,0,0,0,2026-08-03
10001,10001,2026,32,32,0,0,0,2026-08-10
10001,10001,2026,33,33,0,0,0,2026-08-17
10002,10002,2026,22,22,0,0,0,2026-06-01
10002,10002,2026,23,23,0,0,0,2026-06-08
10002,10002,2026,24,24,0,0,0,2026-06-15
10002,10002,2026,25,25,0,0,0,2026-06-22
10002,10002,2026,26,26,0,0,0,2026-06-29
10002,10002,2026,27,27,0,0,0,2026-07-06
10002,10002,2026,28,28,0,0,0,2026-07-13
10002,10002,2026,29,29,0,0,0,2026-07-20
10002,10002,2026,30,30,1,1,1,2026-07-27
10002,10002,2026,31,31,1,1,1,2026-08-03
10002,10002,2026,32,32,1,1,1,2026-08-10
10002,10002,2026,33,33,0,0,0,2026-08-17
10003,10003,2026,22,22,0,0,0,2026-06-01
10003,10003,2026,23,23,0,0,0,2026-06-08
10003,10003,2026,24,24,0,0,0,2026-06-15
10003,10003,2026,25,25,0,0,0,2026-06-22
10003,10003,2026,26,26,0,0,0,2026-06-29
10003,10003,2026,27,27,0,0,0,2026-07-06
10003,10003,2026,28,28,0,0,0,2026-07-13
10003,10003,2026,29,29,0,0,0,2026-07-20
10003,10003,2026,30,30,0,0,0,2026-07-27
10003,10003,2026,31,31,0,0,0,2026-08-03
10003,10003,2026,32,32,0,0,0,2026-08-10
10003,10003,2026,33,33,0,0,0,2026-08-17
10004,10004,2026,22,22,0,0,0,2026-06-01
10004,10004,2026,23,23,0,0,0,2026-06-08
10004,10004,2026,24,24,0,0,0,2026-06-15
10004,10004,2026,25,25,0,0,0,2026-06-22
10004,10004,2026,26,26,0,0,0,2026-06-29
10004,10004,2026,27,27,0,0,0,2026-07-06
10004,10004,2026,28,28,0,0,0,2026-07-13
10004,10004,2026,29,29,0,0,0,2026-07-20
10004,10004,2026,30,30,0,0,0,2026-07-27
10004,10004,2026,31,31,0,0,0,2026-08-03
10004,10004,2026,32,32,0,0,0,2026-08-10
10004,10004,2026,33,33,0,0,0,2026-08-17
10005,10005,2026,22,22,0,0,0,2026-06-01
10005,10005,2026,23,23,0,0,0,2026-06-08
10005,10005,2026,24,24,0,0,0,2026-06-15
10005,10005,2026,25,25,0,0,0,2026-06-22
10005,10005,2026,26,26,0,0,0,2026-06-29
10005,10005,2026,27,27,0,0,0,2026-07-06
10005,10005,2026,28,28,0,0,0,2026-07-13
10005,10005,2026,29,29,0,0,0,2026-07-20
10005,10005,2026,30,30,0,0,0,2026-07-27
10005,10005,2026,31,31,0,0,0,2026-08-03
10005,10005,2026,32,32,0,0,0,2026-08-10
10005,10005,2026,33,33,0,0,0,2026-08-17
10006,10006,2026,22,22,0,0,0,2026-06-01
10006,10006,2026,23,23,0,0,0,2026-06-08
10006,10006,2026,24,24,0,0,0,2026-06-15
10006,10006,2026,25,25,0,0,0,2026-06-22
10006,10006,2026,26,26,0,0,0,2026-06-29
10006,10006,2026,27,27,0,0,0,2026-07-06
10006,10006,2026,28,28,0,0,0,2026-07-13
10006,10006,2026,29,29,0,0,0,2026-07-20
10006,10006,2026,30,30,0,0,0,2026-07-27
10006,10006,2026,31,31,1,1,1,2026-08-03
10006,10006,2026,32,32,0,0,0,2026-08-10
10006,10006,2026,33,33,0,0,0,2026-08-17
10007,10007,2026,22,22,0,0,0,2026-06-01
10007,10007,2026,23,23,0,0,0,2026-06-08
10007,10007,2026,24,24,0,0,0,2026-06-15
10007,10007,2026,25,25,0,0,0,2026-06-22
10007,10007,2026,26,26,0,0,0,2026-06-29
10007,10007,2026,27,27,0,0,0,2026-07-06
10007,10007,2026,28,28,0,0,0,2026-07-13
10007,10007,2026,29,29,0,0,0,2026-07-20
10007,10007,2026,30,30,0,0,0,2026-07-27
10007,10007,2026,31,31,0,0,0,2026-08-03
10007,10007,2026,32,32,0,0,0,2026-08-10
10007,10007,2026,33,33,0,0,0,2026-08-17
10009,10009,2026,22,22,0,0,0,2026-06-01
10009,10009,2026,23,23,0,0,0,2026-06-08
10009,10009,2026,24,24,0,0,0,2026-06-15
10009,10009,2026,25,25,0,0,0,2026-06-22
10009,10009,2026,26,26,0,0,0,2026-06-29
10009,10009,2026,27,27,0,0,0,2026-07-06
10009,10009,2026,28,28,0,0,0,2026-07-13
10009,10009,2026,29,29,0,0,0,2026-07-20
10009,10009,2026,30,30,0,0,0,2026-07-27
10009,10009,2026,31,31,0,0,0,2026-08-03
10009,10009,2026,32,32,0,0,0,2026-08-10
10009,10009,2026,33,33,0,0,0,2026-08-17
10010,10010,2026,22,22,0,0,0,2026-06-01
10010,10010,2026,23,23,0,0,0,2026-06-08
10010,10010,2026,24,24,0,0,0,2026-06-15
10010,10010,2026,25,25,0,0,0,2026-06-22
10010,10010,2026,26,26,0,0,0,2026-06-29
10010,10010,2026,27,27,0,0,0,2026-07-06
10010,10010,2026,28,28,0,0,0,2026-07-13
10010,10010,2026,29,29,0,0,0,2026-07-20
10010,10010,2026,30,30,0,0,0,2026-07-27
10010,10010,2026,31,31,0,0,0,2026-08-03
10010,10010,2026,32,32,0,0,0,2026-08-10
10010,10010,2026,33,33,0,0,0,2026-08-17
10011,10011,2026,22,22,0,0,0,2026-06-01
10011,10011,2026,23,23,0,0,0,2026-06-08
10011,10011,2026,24,24,0,0,0,2026-06-15
10011,10011,2026,25,25,0,0,0,2026-06-22
10011,10011,2026,26,26,0,0,0,2026-06-29
10011,10011,2026,27,27,0,0,0,2026-07-06
10011,10011,2026,28,28,0,0,0,2026-07-13
10011,10011,2026,29,29,0,0,0,2026-07-20
10011,10011,2026,30,30,0,0,0,2026-07-27
10011,10011,2026,31,31,1,1,1,2026-08-03
10011,10011,2026,32,32,1,1,1,2026-08-10
10011,10011,2026,33,33,0,0,0,2026-08-17
10012,10012,2026,22,22,0,0,0,2026-06-01
10012,10012,2026,23,23,0,0,0,2026-06-08
10012,10012,2026,24,24,0,0,0,2026-06-15
10012,10012,2026,25,25,0,0,0,2026-06-22
10012,10012,2026,26,26,0,0,0,2026-06-29
10012,10012,2026,27,27,0,0,0,2026-07-06
10012,10012,2026,28,28,0,0,0,2026-07-13
10012,10012,2026,29,29,0,0,0,2026-07-20
10012,10012,2026,30,30,0,0,0,2026-07-27
10012,10012,2026,31,31,0,0,0,2026-08-03
10012,10012,2026,32,32,0,0,0,2026-08-10
10012,10012,2026,33,33,0,0,0,2026-08-17
10013,10013,2026,22,22,0,0,0,2026-06-01
10013,10013,2026,23,23,0,0,0,2026-06-08
10013,10013,2026,24,24,0,0,0,2026-06-15
10013,10013,2026,25,25,0,0,0,2026-06-22
10013,10013,2026,26,26,0,0,0,2026-06-29
10013,10013,2026,27,27,0,0,0,2026-07-06
10013,10013,2026,28,28,0,0,0,2026-07-13
10013,10013,2026,29,29,0,0,0,2026-07-20
10013,10013,2026,30,30,0,0,0,2026-07-27
10013,10013,2026,31,31,0,0,0,2026-08-03
10013,10013,2026,32,32,0,0,0,2026-08-10
10013,10013,2026,33,33,0,0,0,2026-08-17
10014,10014,2026,22,22,0,0,0,2026-06-01
10014,10014,2026,23,23,0,0,0,2026-06-08
10014,10014,2026,24,24,0,0,0,2026-06-15
10014,10014,2026,25,25,0,0,0,2026-06-22
10014,10014,2026,26,26,0,0,0,2026-06-29
10014,10014,2026,27,27,0,0,0,2026-07-06
10014,10014,2026,28,28,0,0,0,2026-07-13
10014,10014,2026,29,29,0,0,0,2026-07-20
10014,10014,2026,30,30,0,0,0,2026-07-27
10014,10014,2026,31,31,0,0,0,2026-08-03
10014,10014,2026,32,32,0,0,0,2026-08-10
10014,10014,2026,33,33,0,0,0,2026-08-17
10016,10016,2026,22,22,0,0,0,2026-06-01
10016,10016,2026,23,23,0,0,0,2026-06-08
10016,10016,2026,24,24,0,0,0,2026-06-15
10016,10016,2026,25,25,0,0,0,2026-06-22
10016,10016,2026,26,26,0,0,0,2026-06-29
10016,10016,2026,27,27,0,0,0,2026-07-06
10016,10016,2026,28,28,0,0,0,2026-07-13
10016,10016,2026,29,29,0,0,0,2026-07-20
10016,10016,2026,30,30,0,0,0,2026-07-27
10016,10016,2026,31,31,0,0,0,2026-08-03
10016,10016,2026,32,32,0,0,0,2026-08-10
10016,10016,2026,33,33,0,0,0,2026-08-17
10017,10017,2026,22,22,0,0,0,2026-06-01
10017,10017,2026,23,23,0,0,0,2026-06-08
10017,10017,2026,24,24,0,0,0,2026-06-15
10017,10017,2026,25,25,0,0,0,2026-06-22
10017,10017,2026,26,26,0,0,0,2026-06-29
10017,10017,2026,27,27,0,0,0,2026-07-06
10017,10017,2026,28,28,0,0,0,2026-07-13
10017,10017,2026,29,29,0,0,0,2026-07-20
10017,10017,2026,30,30,0,0,0,2026-07-27
10017,10017,2026,31,31,0,0,0,2026-08-03
10017,10017,2026,32,32,0,0,0,2026-08-10
10017,10017,2026,33,33,0,0,0,2026-08-17
10018,10018,2026,22,22,0,0,0,2026-06-01
10018,10018,2026,23,23,0,0,0,2026-06-08
10018,10018,2026,24,24,0,0,0,2026-06-15
10018,10018,2026,25,25,0,0,0,2026-06-22
10018,10018,2026,26,26,0,0,0,2026-06-29
10018,10018,2026,27,27,0,0,0,2026-07-06
10018,10018,2026,28,28,0,0,0,2026-07-13
10018,10018,2026,29,29,0,0,0,2026-07-20
10018,10018,2026,30,30,0,0,0,2026-07-27
10018,10018,2026,31,31,0,0,0,2026-08-03
10018,10018,2026,32,32,0,0,0,2026-08-10
10018,10018,2026,33,33,0,0,0,2026-08-17
10019,10019,2026,22,22,0,0,0,2026-06-01
10019,10019,2026,23,23,0,0,0,2026-06-08
10019,10019,2026,24,24,0,0,0,2026-06-15
10019,10019,2026,25,25,0,0,0,2026-06-22
10019,10019,2026,26,26,0,0,0,2026-06-29
10019,10019,2026,27,27,0,0,0,2026-07-06
10019,10019,2026,28,28,0,0,0,2026-07-13
10019,10019,2026,29,29,0,0,0,2026-07-20
10019,10019,2026,30,30,0,0,0,2026-07-27
10019,10019,2026,31,31,0,0,0,2026-08-03
10019,10019,2026,32,32,0,0,0,2026-08-10
10019,10019,2026,33,33,0,0,0,2026-08-17
10020,10020,2026,22,22,0,0,0,2026-06-01
10020,10020,2026,23,23,0,0,0,2026-06-08
10020,10020,2026,24,24,0,0,0,2026-06-15
10020,10020,2026,25,25,0,0,0,2026-06-22
10020,10020,2026,26,26,0,0,0,2026-06-29
10020,10020,2026,27,27,0,0,0,2026-07-06
10020,10020,2026,28,28,0,0,0,2026-07-13
10020,10020,2026,29,29,0,0,0,2026-07-20
10020,10020,2026,30,30,0,0,0,2026-07-27
10020,10020,2026,31,31,0,0,0,2026-08-03
10020,10020,2026,32,32,0,0,0,2026-08-10
10020,10020,2026,33,33,0,0,0,2026-08-17
10021,10021,2026,22,22,0,0,0,2026-06-01
10021,10021,2026,23,23,0,0,0,2026-06-08
10021,10021,2026,24,24,0,0,0,2026-06-15
10021,10021,2026,25,25,0,0,0,2026-06-22
10021,10021,2026,26,26,0,0,0,2026-06-29
10021,10021,2026,27,27,0,0,0,2026-07-06
10021,10021,2026,28,28,0,0,0,2026-07-13
10021,10021,2026,29,29,0,0,0,2026-07-20
10021,10021,2026,30,30,0,0,0,2026-07-27
10021,10021,2026,31,31,0,0,0,2026-08-03
10021,10021,2026,32,32,0,0,0,2026-08-10
10021,10021,2026,33,33,0,0,0,2026-08-17
10022,10022,2026,22,22,0,0,0,2026-06-01
10022,10022,2026,23,23,0,0,0,2026-06-08
10022,10022,2026,24,24,0,0,0,2026-06-15
10022,10022,2026,25,25,0,0,0,2026-06-22
10022,10022,2026,26,26,0,0,0,2026-06-29
10022,10022,2026,27,27,0,0,0,2026-07-06
10022,10022,2026,28,28,0,0,0,2026-07-13
10022,10022,2026,29,29,0,0,0,2026-07-20
10022,10022,2026,30,30,0,0,0,2026-07-27
10022,10022,2026,31,31,0,0,0,2026-08-03
10022,10022,2026,32,32,0,0,0,2026-08-10
10022,10022,2026,33,33,0,0,0,2026-08-17
10023,10023,2026,22,22,0,0,0,2026-06-01
10023,10023,2026,23,23,0,0,0,2026-06-08
10023,10023,2026,24,24,0,0,0,2026-06-15
10023,10023,2026,25,25,0,0,0,2026-06-22
10023,10023,2026,26,26,0,0,0,2026-06-29
10023,10023,2026,27,27,0,0,0,2026-07-06
10023,10023,2026,28,28,0,0,0,2026-07-13
10023,10023,2026,29,29,0,0,0,2026-07-20
10023,10023,2026,30,30,0,0,0,2026-07-27
10023,10023,2026,31,31,0,0,0,2026-08-03
10023,10023,2026,32,32,0,0,0,2026-08-10
10023,10023,2026,33,33,0,0,0,2026-08-17
10024,10024,2026,22,22,0,0,0,2026-06-01
10024,10024,2026,23,23,0,0,0,2026-06-08
10024,10024,2026,24,24,0,0,0,2026-06-15
10024,10024,2026,25,25,0,0,0,2026-06-22
10024,10024,2026,26,26,0,0,0,2026-06-29
10024,10024,2026,27,27,0,0,0,2026-07-06
10024,10024,2026,28,28,0,0,0,2026-07-13
10024,10024,2026,29,29,0,0,0,2026-07-20
10024,10024,2026,30,30,0,0,0,2026-07-27
10024,10024,2026,31,31,0,0,0,2026-08-03
10024,10024,2026,32,32,0,0,0,2026-08-10
10024,10024,2026,33,33,0,0,0,2026-08-17
10025,10025,2026,22,22,0,0,0,2026-06-01
10025,10025,2026,23,23,0,0,0,2026-06-08
10025,10025,2026,24,24,0,0,0,2026-06-15
10025,10025,2026,25,25,0,0,0,2026-06-22
10025,10025,2026,26,26,0,0,0,2026-06-29
10025,10025,2026,27,27,0,0,0,2026-07-06
10025,10025,2026,28,28,1,1,1,2026-07-13
10025,10025,2026,29,29,1,1,1,2026-07-20
10025,10025,2026,30,30,1,1,1,2026-07-27
10025,10025,2026,31,31,2,2,1,2026-08-03
10025,10025,2026,32,32,1,1,1,2026-08-10
10025,10025,2026,33,33,0,0,0,2026-08-17
10026,10026,2026,22,22,0,0,0,2026-06-01
10026,10026,2026,23,23,0,0,0,2026-06-08
10026,10026,2026,24,24,0,0,0,2026-06-15
10026,10026,2026,25,25,0,0,0,2026-06-22
10026,10026,2026,26,26,0,0,0,2026-06-29
10026,10026,2026,27,27,0,0,0,2026-07-06
10026,10026,2026,28,28,0,0,0,2026-07-13
10026,10026,2026,29,29,0,0,0,2026-07-20
10026,10026,2026,30,30,0,0,0,2026-07-27
10026,10026,2026,31,31,0,0,0,2026-08-03
10026,10026,2026,32,32,0,0,0,2026-08-10
10026,10026,2026,33,33,0,0,0,2026-08-17
10027,10027,2026,22,22,0,0,0,2026-06-01
10027,10027,2026,23,23,0,0,0,2026-06-08
10027,10027,2026,24,24,0,0,0,2026-06-15
10027,10027,2026,25,25,0,0,0,2026-06-22
10027,10027,2026,26,26,0,0,0,2026-06-29
10027,10027,2026,27,27,0,0,0,2026-07-06
10027,10027,2026,28,28,0,0,0,2026-07-13
10027,10027,2026,29,29,0,0,0,2026-07-20
10027,10027,2026,30,30,1,1,1,2026-07-27
10027,10027,2026,31,31,1,1,1,2026-08-03
10027,10027,2026,32,32,1,1,1,2026-08-10
10027,10027,2026,33,33,0,0,0,2026-08-17
10028,10028,2026,22,22,0,0,0,2026-06-01
10028,10028,2026,23,23,0,0,0,2026-06-08
10028,10028,2026,24,24,0,0,0,2026-06-15
10028,10028,2026,25,25,0,0,0,2026-06-22
10028,10028,2026,26,26,0,0,0,2026-06-29
10028,10028,2026,27,27,0,0,0,2026-07-06
10028,10028,2026,28,28,0,0,0,2026-07-13
10028,10028,2026,29,29,0,0,0,2026-07-20
10028,10028,2026,30,30,0,0,0,2026-07-27
10028,10028,2026,31,31,0,0,0,2026-08-03
10028,10028,2026,32,32,0,0,0,2026-08-10
10028,10028,2026,33,33,0,0,0,2026-08-17
10029,10029,2026,22,22,0,0,0,2026-06-01
10029,10029,2026,23,23,0,0,0,2026-06-08
10029,10029,2026,24,24,0,0,0,2026-06-15
10029,10029,2026,25,25,0,0,0,2026-06-22
10029,10029,2026,26,26,0,0,0,2026-06-29
10029,10029,2026,27,27,0,0,0,2026-07-06
10029,10029,2026,28,28,0,0,0,2026-07-13
10029,10029,2026,29,29,0,0,0,2026-07-20
10029,10029,2026,30,30,0,0,0,2026-07-27
10029,10029,2026,31,31,0,0,0,2026-08-03
10029,10029,2026,32,32,0,0,0,2026-08-10
10029,10029,2026,33,33,0,0,0,2026-08-17
10030,10030,2026,22,22,0,0,0,2026-06-01
10030,10030,2026,23,23,0,0,0,2026-06-08
10030,10030,2026,24,24,0,0,0,2026-06-15
10030,10030,2026,25,25,0,0,0,2026-06-22
10030,10030,2026,26,26,0,0,0,2026-06-29
10030,10030,2026,27,27,0,0,0,2026-07-06
10030,10030,2026,28,28,0,0,0,2026-07-13
10030,10030,2026,29,29,0,0,0,2026-07-20
10030,10030,2026,30,30,0,0,0,2026-07-27
10030,10030,2026,31,31,0,0,0,2026-08-03
10030,10030,2026,32,32,0,0,0,2026-08-10
10030,10030,2026,33,33,0,0,0,2026-08-17
10031,10031,2026,22,22,0,0,0,2026-06-01
10031,10031,2026,23,23,0,0,0,2026-06-08
10031,10031,2026,24,24,0,0,0,2026-06-15
10031,10031,2026,25,25,0,0,0,2026-06-22
10031,10031,2026,26,26,0,0,0,2026-06-29
10031,10031,2026,27,27,0,0,0,2026-07-06
10031,10031,2026,28,28,0,0,0,2026-07-13
10031,10031,2026,29,29,0,0,0,2026-07-20
10031,10031,2026,30,30,0,0,0,2026-07-27
10031,10031,2026,31,31,0,0,0,2026-08-03
10031,10031,2026,32,32,1,1,1,2026-08-10
10031,10031,2026,33,33,0,0,0,2026-08-17
10032,10032,2026,22,22,0,0,0,2026-06-01
10032,10032,2026,23,23,0,0,0,2026-06-08
10032,10032,2026,24,24,0,0,0,2026-06-15
10032,10032,2026,25,25,0,0,0,2026-06-22
10032,10032,2026,26,26,0,0,0,2026-06-29
10032,10032,2026,27,27,0,0,0,2026-07-06
10032,10032,2026,28,28,0,0,0,2026-07-13
10032,10032,2026,29,29,0,0,0,2026-07-20
10032,10032,2026,30,30,0,0,0,2026-07-27
10032,10032,2026,31,31,1,1,1,2026-08-03
10032,10032,2026,32,32,1,1,1,2026-08-10
10032,10032,2026,33,33,0,0,0,2026-08-17
10033,10033,2026,22,22,0,0,0,2026-06-01
10033,10033,2026,23,23,0,0,0,2026-06-08
10033,10033,2026,24,24,0,0,0,2026-06-15
10033,10033,2026,25,25,0,0,0,2026-06-22
10033,10033,2026,26,26,0,0,0,2026-06-29
10033,10033,2026,27,27,0,0,0,2026-07-06
10033,10033,2026,28,28,0,0,0,2026-07-13
10033,10033,2026,29,29,0,0,0,2026-07-20
10033,10033,2026,30,30,0,0,0,2026-07-27
10033,10033,2026,31,31,0,0,0,2026-08-03
10033,10033,2026,32,32,1,1,1,2026-08-10
10033,10033,2026,33,33,0,0,0,2026-08-17
10034,10034,2026,22,22,0,0,0,2026-06-01
10034,10034,2026,23,23,0,0,0,2026-06-08
10034,10034,2026,24,24,0,0,0,2026-06-15
10034,10034,2026,25,25,0,0,0,2026-06-22
10034,10034,2026,26,26,0,0,0,2026-06-29
10034,10034,2026,27,27,0,0,0,2026-07-06
10034,10034,2026,28,28,0,0,0,2026-07-13
10034,10034,2026,29,29,0,0,0,2026-07-20
10034,10034,2026,30,30,0,0,0,2026-07-27
10034,10034,2026,31,31,0,0,0,2026-08-03
10034,10034,2026,32,32,0,0,0,2026-08-10
10034,10034,2026,33,33,0,0,0,2026-08-17
10035,10035,2026,22,22,0,0,0,2026-06-01
10035,10035,2026,23,23,0,0,0,2026-06-08
10035,10035,2026,24,24,0,0,0,2026-06-15
10035,10035,2026,25,25,0,0,0,2026-06-22
10035,10035,2026,26,26,0,0,0,2026-06-29
10035,10035,2026,27,27,0,0,0,2026-07-06
10035,10035,2026,28,28,0,0,0,2026-07-13
10035,10035,2026,29,29,0,0,0,2026-07-20
10035,10035,2026,30,30,0,0,0,2026-07-27
10035,10035,2026,31,31,0,0,0,2026-08-03
10035,10035,2026,32,32,0,0,0,2026-08-10
10035,10035,2026,33,33,0,0,0,2026-08-17
10036,10036,2026,22,22,0,0,0,2026-06-01
10036,10036,2026,23,23,0,0,0,2026-06-08
10036,10036,2026,24,24,0,0,0,2026-06-15
10036,10036,2026,25,25,0,0,0,2026-06-22
10036,10036,2026,26,26,0,0,0,2026-06-29
10036,10036,2026,27,27,0,0,0,2026-07-06
10036,10036,2026,28,28,0,0,0,2026-07-13
10036,10036,2026,29,29,0,0,0,2026-07-20
10036,10036,2026,30,30,0,0,0,2026-07-27
10036,10036,2026,31,31,0,0,0,2026-08-03
10036,10036,2026,32,32,0,0,0,2026-08-10
10036,10036,2026,33,33,0,0,0,2026-08-17
10037,10037,2026,22,22,0,0,0,2026-06-01
10037,10037,2026,23,23,0,0,0,2026-06-08
10037,10037,2026,24,24,0,0,0,2026-06-15
10037,10037,2026,25,25,0,0,0,2026-06-22
10037,10037,2026,26,26,0,0,0,2026-06-29
10037,10037,2026,27,27,0,0,0,2026-07-06
10037,10037,2026,28,28,0,0,0,2026-07-13
10037,10037,2026,29,29,0,0,0,2026-07-20
10037,10037,2026,30,30,0,0,0,2026-07-27
10037,10037,2026,31,31,0,0,0,2026-08-03
10037,10037,2026,32,32,0,0,0,2026-08-10
10037,10037,2026,33,33,0,0,0,2026-08-17
10038,10038,2026,22,22,0,0,0,2026-06-01
10038,10038,2026,23,23,0,0,0,2026-06-08
10038,10038,2026,24,24,0,0,0,2026-06-15
10038,10038,2026,25,25,0,0,0,2026-06-22
10038,10038,2026,26,26,0,0,0,2026-06-29
10038,10038,2026,27,27,0,0,0,2026-07-06
10038,10038,2026,28,28,0,0,0,2026-07-13
10038,10038,2026,29,29,0,0,0,2026-07-20
10038,10038,2026,30,30,0,0,0,2026-07-27
10038,10038,2026,31,31,0,0,0,2026-08-03
10038,10038,2026,32,32,0,0,0,2026-08-10
10038,10038,2026,33,33,0,0,0,2026-08-17
10039,10039,2026,22,22,0,0,0,2026-06-01
10039,10039,2026,23,23,0,0,0,2026-06-08
10039,10039,2026,24,24,0,0,0,2026-06-15
10039,10039,2026,25,25,0,0,0,2026-06-22
10039,10039,2026,26,26,0,0,0,2026-06-29
10039,10039,2026,27,27,0,0,0,2026-07-06
10039,10039,2026,28,28,0,0,0,2026-07-13
10039,10039,2026,29,29,0,0,0,2026-07-20
10039,10039,2026,30,30,0,0,0,2026-07-27
10039,10039,2026,31,31,0,0,0,2026-08-03
10039,10039,2026,32,32,0,0,0,2026-08-10
10039,10039,2026,33,33,0,0,0,2026-08-17
10040,10040,2026,22,22,0,0,0,2026-06-01
10040,10040,2026,23,23,0,0,0,2026-06-08
10040,10040,2026,24,24,0,0,0,2026-06-15
10040,10040,2026,25,25,0,0,0,2026-06-22
10040,10040,2026,26,26,0,0,0,2026-06-29
10040,10040,2026,27,27,0,0,0,2026-07-06
10040,10040,2026,28,28,0,0,0,2026-07-13
10040,10040,2026,29,29,0,0,0,2026-07-20
10040,10040,2026,30,30,0,0,0,2026-07-27
10040,10040,2026,31,31,0,0,0,2026-08-03
10040,10040,2026,32,32,0,0,0,2026-08-10
10040,10040,2026,33,33,0,0,0,2026-08-17
10044,10044,2026,22,22,0,0,0,2026-06-01
10044,10044,2026,23,23,0,0,0,2026-06-08
10044,10044,2026,24,24,0,0,0,2026-06-15
10044,10044,2026,25,25,0,0,0,2026-06-22
10044,10044,2026,26,26,0,0,0,2026-06-29
10044,10044,2026,27,27,0,0,0,2026-07-06
10044,10044,2026,28,28,0,0,0,2026-07-13
10044,10044,2026,29,29,0,0,0,2026-07-20
10044,10044,2026,30,30,0,0,0,2026-07-27
10044,10044,2026,31,31,0,0,0,2026-08-03
10044,10044,2026,32,32,0,0,0,2026-08-10
10044,10044,2026,33,33,0,0,0,2026-08-17
10048,10048,2026,22,22,0,0,0,2026-06-01
10048,10048,2026,23,23,0,0,0,2026-06-08
10048,10048,2026,24,24,0,0,0,2026-06-15
10048,10048,2026,25,25,0,0,0,2026-06-22
10048,10048,2026,26,26,0,0,0,2026-06-29
10048,10048,2026,27,27,0,0,0,2026-07-06
10048,10048,2026,28,28,0,0,0,2026-07-13
10048,10048,2026,29,29,0,0,0,2026-07-20
10048,10048,2026,30,30,0,0,0,2026-07-27
10048,10048,2026,31,31,0,0,0,2026-08-03
10048,10048,2026,32,32,0,0,0,2026-08-10
10048,10048,2026,33,33,0,0,0,2026-08-17
10065,10065,2026,22,22,0,0,0,2026-06-01
10065,10065,2026,23,23,0,0,0,2026-06-08
10065,10065,2026,24,24,0,0,0,2026-06-15
10065,10065,2026,25,25,0,0,0,2026-06-22
10065,10065,2026,26,26,0,0,0,2026-06-29
10065,10065,2026,27,27,0,0,0,2026-07-06
10065,10065,2026,28,28,0,0,0,2026-07-13
10065,10065,2026,29,29,0,0,0,2026-07-20
10065,10065,2026,30,30,0,0,0,2026-07-27
10065,10065,2026,31,31,0,0,0,2026-08-03
10065,10065,2026,32,32,0,0,0,2026-08-10
10065,10065,2026,33,33,0,0,0,2026-08-17
10069,10069,2026,22,22,0,0,0,2026-06-01
10069,10069,2026,23,23,0,0,0,2026-06-08
10069,10069,2026,24,24,0,0,0,2026-06-15
10069,10069,2026,25,25,0,0,0,2026-06-22
10069,10069,2026,26,26,0,0,0,2026-06-29
10069,10069,2026,27,27,0,0,0,2026-07-06
10069,10069,2026,28,28,0,0,0,2026-07-13
10069,10069,2026,29,29,0,0,0,2026-07-20
10069,10069,2026,30,30,0,0,0,2026-07-27
10069,10069,2026,31,31,0,0,0,2026-08-03
10069,10069,2026,32,32,0,0,0,2026-08-10
10069,10069,2026,33,33,0,0,0,2026-08-17
10075,10075,2026,22,22,0,0,0,2026-06-01
10075,10075,2026,23,23,0,0,0,2026-06-08
10075,10075,2026,24,24,0,0,0,2026-06-15
10075,10075,2026,25,25,0,0,0,2026-06-22
10075,10075,2026,26,26,0,0,0,2026-06-29
10075,10075,2026,27,27,0,0,0,2026-07-06
10075,10075,2026,28,28,0,0,0,2026-07-13
10075,10075,2026,29,29,0,0,0,2026-07-20
10075,10075,2026,30,30,0,0,0,2026-07-27
10075,10075,2026,31,31,0,0,0,2026-08-03
10075,10075,2026,32,32,0,0,0,2026-08-10
10075,10075,2026,33,33,0,0,0,2026-08-17
10111,10111,2026,22,22,0,0,0,2026-06-01
10111,10111,2026,23,23,0,0,0,2026-06-08
10111,10111,2026,24,24,0,0,0,2026-06-15
10111,10111,2026,25,25,0,0,0,2026-06-22
10111,10111,2026,26,26,0,0,0,2026-06-29
10111,10111,2026,27,27,0,0,0,2026-07-06
10111,10111,2026,28,28,0,0,0,2026-07-13
10111,10111,2026,29,29,0,0,0,2026-07-20
10111,10111,2026,30,30,0,0,0,2026-07-27
10111,10111,2026,31,31,0,0,0,2026-08-03
10111,10111,2026,32,32,0,0,0,2026-08-10
10111,10111,2026,33,33,0,0,0,2026-08-17
10115,10115,2026,22,22,0,0,0,2026-06-01
10115,10115,2026,23,23,0,0,0,2026-06-08
10115,10115,2026,24,24,0,0,0,2026-06-15
10115,10115,2026,25,25,0,0,0,2026-06-22
10115,10115,2026,26,26,0,0,0,2026-06-29
10115,10115,2026,27,27,0,0,0,2026-07-06
10115,10115,2026,28,28,0,0,0,2026-07-13
10115,10115,2026,29,29,0,0,0,2026-07-20
10115,10115,2026,30,30,0,0,0,2026-07-27
10115,10115,2026,31,31,0,0,0,2026-08-03
10115,10115,2026,32,32,0,0,0,2026-08-10
10115,10115,2026,33,33,0,0,0,2026-08-17
10128,10128,2026,22,22,0,0,0,2026-06-01
10128,10128,2026,23,23,0,0,0,2026-06-08
10128,10128,2026,24,24,0,0,0,2026-06-15
10128,10128,2026,25,25,0,0,0,2026-06-22
10128,10128,2026,26,26,0,0,0,2026-06-29
10128,10128,2026,27,27,0,0,0,2026-07-06
10128,10128,2026,28,28,0,0,0,2026-07-13
10128,10128,2026,29,29,0,0,0,2026-07-20
10128,10128,2026,30,30,0,0,0,2026-07-27
10128,10128,2026,31,31,0,0,0,2026-08-03
10128,10128,2026,32,32,0,0,0,2026-08-10
10128,10128,2026,33,33,0,0,0,2026-08-17
10280,10280,2026,22,22,0,0,0,2026-06-01
10280,10280,2026,23,23,0,0,0,2026-06-08
10280,10280,2026,24,24,0,0,0,2026-06-15
10280,10280,2026,25,25,0,0,0,2026-06-22
10280,10280,2026,26,26,0,0,0,2026-06-29
10280,10280,2026,27,27,0,0,0,2026-07-06
10280,10280,2026,28,28,0,0,0,2026-07-13
10280,10280,2026,29,29,0,0,0,2026-07-20
10280,10280,2026,30,30,0,0,0,2026-07-27
10280,10280,2026,31,31,0,0,0,2026-08-03
10280,10280,2026,32,32,0,0,0,2026-08-10
10280,10280,2026,33,33,0,0,0,2026-08-17
10281,10281,2026,22,22,0,0,0,2026-06-01
10281,10281,2026,23,23,0,0,0,2026-06-08
10281,10281,2026,24,24,0,0,0,2026-06-15
10281,10281,2026,25,25,0,0,0,2026-06-22
10281,10281,2026,26,26,0,0,0,2026-06-29
10281,10281,2026,27,27,0,0,0,2026-07-06
10281,10281,2026,28,28,0,0,0,2026-07-13
10281,10281,2026,29,29,0,0,0,2026-07-20
10281,10281,2026,30,30,0,0,0,2026-07-27
10281,10281,2026,31,31,0,0,0,2026-08-03
10281,10281,2026,32,32,0,0,0,2026-08-10
10281,10281,2026,33,33,0,0,0,2026-08-17
10282,10282,2026,22,22,0,0,0,2026-06-01
10282,10282,2026,23,23,0,0,0,2026-06-08
10282,10282,2026,24,24,0,0,0,2026-06-15
10282,10282,2026,25,25,0,0,0,2026-06-22
10282,10282,2026,26,26,0,0,0,2026-06-29
10282,10282,2026,27,27,0,0,0,2026-07-06
10282,10282,2026,28,28,0,0,0,2026-07-13
10282,10282,2026,29,29,0,0,0,2026-07-20
10282,10282,2026,30,30,0,0,0,2026-07-27
10282,10282,2026,31,31,0,0,0,2026-08-03
10282,10282,2026,32,32,0,0,0,2026-08-10
10282,10282,2026,33,33,0,0,0,2026-08-17
10301,10301,2026,22,22,0,0,0,2026-06-01
10301,10301,2026,23,23,0,0,0,2026-06-08
10301,10301,2026,24,24,0,0,0,2026-06-15
10301,10301,2026,25,25,0,0,0,2026-06-22
10301,10301,2026,26,26,1,1,1,2026-06-29
10301,10301,2026,27,27,1,1,1,2026-07-06
10301,10301,2026,28,28,1,1,1,2026-07-13
10301,10301,2026,29,29,1,1,1,2026-07-20
10301,10301,2026,30,30,2,2,1,2026-07-27
10301,10301,2026,31,31,1,1,1,2026-08-03
10301,10301,2026,32,32,1,1,1,2026-08-10
10301,10301,2026,33,33,0,0,0,2026-08-17
10302,10302,2026,22,22,0,0,0,2026-06-01
10302,10302,2026,23,23,0,0,0,2026-06-08
10302,10302,2026,24,24,0,0,0,2026-06-15
10302,10302,2026,25,25,0,0,0,2026-06-22
10302,10302,2026,26,26,0,0,0,2026-06-29
10302,10302,2026,27,27,0,0,0,2026-07-06
10302,10302,2026,28,28,1,1,1,2026-07-13
10302,10302,2026,29,29,1,1,1,2026-07-20
10302,10302,2026,30,30,0,0,0,2026-07-27
10302,10302,2026,31,31,2,2,1,2026-08-03
10302,10302,2026,32,32,0,0,0,2026-08-10
10302,10302,2026,33,33,0,0,0,2026-08-17
10303,10303,2026,22,22,0,0,0,2026-06-01
10303,10303,2026,23,23,0,0,0,2026-06-08
10303,10303,2026,24,24,0,0,0,2026-06-15
10303,10303,2026,25,25,1,1,1,2026-06-22
10303,10303,2026,26,26,0,0,0,2026-06-29
10303,10303,2026,27,27,1,1,1,2026-07-06
10303,10303,2026,28,28,2,2,1,2026-07-13
10303,10303,2026,29,29,1,1,1,2026-07-20
10303,10303,2026,30,30,1,1,1,2026-07-27
10303,10303,2026,31,31,1,1,1,2026-08-03
10303,10303,2026,32,32,1,1,1,2026-08-10
10303,10303,2026,33,33,0,0,0,2026-08-17
10304,10304,2026,22,22,0,0,0,2026-06-01
10304,10304,2026,23,23,0,0,0,2026-06-08
10304,10304,2026,24,24,0,0,0,2026-06-15
10304,10304,2026,25,25,0,0,0,2026-06-22
10304,10304,2026,26,26,0,0,0,2026-06-29
10304,10304,2026,27,27,0,0,0,2026-07-06
10304,10304,2026,28,28,0,0,0,2026-07-13
10304,10304,2026,29,29,1,1,1,2026-07-20
10304,10304,2026,30,30,0,0,0,2026-07-27
10304,10304,2026,31,31,1,1,1,2026-08-03
10304,10304,2026,32,32,2,2,1,2026-08-10
10304,10304,2026,33,33,0,0,0,2026-08-17
10305,10305,2026,22,22,0,0,0,2026-06-01
10305,10305,2026,23,23,0,0,0,2026-06-08
10305,10305,2026,24,24,0,0,0,2026-06-15
10305,10305,2026,25,25,0,0,0,2026-06-22
10305,10305,2026,26,26,0,0,0,2026-06-29
10305,10305,2026,27,27,1,1,1,2026-07-06
10305,10305,2026,28,28,1,1,1,2026-07-13
10305,10305,2026,29,29,2,2,1,2026-07-20
10305,10305,2026,30,30,1,1,1,2026-07-27
10305,10305,2026,31,31,2,2,1,2026-08-03
10305,10305,2026,32,32,2,2,1,2026-08-10
10305,10305,2026,33,33,0,0,0,2026-08-17
10306,10306,2026,22,22,0,0,0,2026-06-01
10306,10306,2026,23,23,0,0,0,2026-06-08
10306,10306,2026,24,24,0,0,0,2026-06-15
10306,10306,2026,25,25,0,0,0,2026-06-22
10306,10306,2026,26,26,1,1,1,2026-06-29
10306,10306,2026,27,27,1,1,1,2026-07-06
10306,10306,2026,28,28,1,1,1,2026-07-13
10306,10306,2026,29,29,2,2,1,2026-07-20
10306,10306,2026,30,30,2,2,1,2026-07-27
10306,10306,2026,31,31,2,2,1,2026-08-03
10306,10306,2026,32,32,1,1,1,2026-08-10
10306,10306,2026,33,33,0,0,0,2026-08-17
10307,10307,2026,22,22,0,0,0,2026-06-01
10307,10307,2026,23,23,0,0,0,2026-06-08
10307,10307,2026,24,24,1,1,1,2026-06-15
10307,10307,2026,25,25,1,1,1,2026-06-22
10307,10307,2026,26,26,1,1,1,2026-06-29
10307,10307,2026,27,27,1,1,1,2026-07-06
10307,10307,2026,28,28,1,1,1,2026-07-13
10307,10307,2026,29,29,2,2,1,2026-07-20
10307,10307,2026,30,30,0,0,0,2026-07-27
10307,10307,2026,31,31,1,1,1,2026-08-03
10307,10307,2026,32,32,1,1,1,2026-08-10
10307,10307,2026,33,33,1,1,1,2026-08-17
10308,10308,2026,22,22,0,0,0,2026-06-01
10308,10308,2026,23,23,0,0,0,2026-06-08
10308,10308,2026,24,24,0,0,0,2026-06-15
10308,10308,2026,25,25,1,1,1,2026-06-22
10308,10308,2026,26,26,1,1,1,2026-06-29
10308,10308,2026,27,27,2,2,1,2026-07-06
10308,10308,2026,28,28,0,0,0,2026-07-13
10308,10308,2026,29,29,0,0,0,2026-07-20
10308,10308,2026,30,30,0,0,0,2026-07-27
10308,10308,2026,31,31,0,0,0,2026-08-03
10308,10308,2026,32,32,0,0,0,2026-08-10
10308,10308,2026,33,33,0,0,0,2026-08-17
10309,10309,2026,22,22,0,0,0,2026-06-01
10309,10309,2026,23,23,0,0,0,2026-06-08
10309,10309,2026,24,24,1,1,1,2026-06-15
10309,10309,2026,25,25,1,1,1,2026-06-22
10309,10309,2026,26,26,2,2,1,2026-06-29
10309,10309,2026,27,27,2,2,1,2026-07-06
10309,10309,2026,28,28,1,1,1,2026-07-13
10309,10309,2026,29,29,1,1,1,2026-07-20
10309,10309,2026,30,30,1,1,1,2026-07-27
10309,10309,2026,31,31,1,1,1,2026-08-03
10309,10309,2026,32,32,1,1,1,2026-08-10
10309,10309,2026,33,33,0,0,0,2026-08-17
10310,10310,2026,22,22,0,0,0,2026-06-01
10310,10310,2026,23,23,0,0,0,2026-06-08
10310,10310,2026,24,24,0,0,0,2026-06-15
10310,10310,2026,25,25,0,0,0,2026-06-22
10310,10310,2026,26,26,0,0,0,2026-06-29
10310,10310,2026,27,27,1,1,1,2026-07-06
10310,10310,2026,28,28,1,1,1,2026-07-13
10310,10310,2026,29,29,2,2,1,2026-07-20
10310,10310,2026,30,30,1,1,1,2026-07-27
10310,10310,2026,31,31,1,1,1,2026-08-03
10310,10310,2026,32,32,0,0,0,2026-08-10
10310,10310,2026,33,33,0,0,0,2026-08-17
10312,10312,2026,22,22,0,0,0,2026-06-01
10312,10312,2026,23,23,0,0,0,2026-06-08
10312,10312,2026,24,24,1,1,1,2026-06-15
10312,10312,2026,25,25,2,2,1,2026-06-22
10312,10312,2026,26,26,2,2,1,2026-06-29
10312,10312,2026,27,27,3,3,1,2026-07-06
10312,10312,2026,28,28,1,1,1,2026-07-13
10312,10312,2026,29,29,2,2,1,2026-07-20
10312,10312,2026,30,30,0,0,0,2026-07-27
10312,10312,2026,31,31,0,0,0,2026-08-03
10312,10312,2026,32,32,0,0,0,2026-08-10
10312,10312,2026,33,33,0,0,0,2026-08-17
10314,10314,2026,22,22,0,0,0,2026-06-01
10314,10314,2026,23,23,0,0,0,2026-06-08
10314,10314,2026,24,24,1,1,1,2026-06-15
10314,10314,2026,25,25,2,2,1,2026-06-22
10314,10314,2026,26,26,2,2,1,2026-06-29
10314,10314,2026,27,27,4,4,1,2026-07-06
10314,10314,2026,28,28,4,4,1,2026-07-13
10314,10314,2026,29,29,3,3,1,2026-07-20
10314,10314,2026,30,30,3,3,1,2026-07-27
10314,10314,2026,31,31,3,3,1,2026-08-03
10314,10314,2026,32,32,1,1,1,2026-08-10
10314,10314,2026,33,33,1,1,1,2026-08-17
10451,10451,2026,22,22,0,0,0,2026-06-01
10451,10451,2026,23,23,0,0,0,2026-06-08
10451,10451,2026,24,24,0,0,0,2026-06-15
10451,10451,2026,25,25,0,0,0,2026-06-22
10451,10451,2026,26,26,0,0,0,2026-06-29
10451,10451,2026,27,27,0,0,0,2026-07-06
10451,10451,2026,28,28,0,0,0,2026-07-13
10451,10451,2026,29,29,0,0,0,2026-07-20
10451,10451,2026,30,30,0,0,0,2026-07-27
10451,10451,2026,31,31,0,0,0,2026-08-03
10451,10451,2026,32,32,0,0,0,2026-08-10
10451,10451,2026,33,33,0,0,0,2026-08-17
10452,10452,2026,22,22,0,0,0,2026-06-01
10452,10452,2026,23,23,0,0,0,2026-06-08
10452,10452,2026,24,24,0,0,0,2026-06-15
10452,10452,2026,25,25,0,0,0,2026-06-22
10452,10452,2026,26,26,0,0,0,2026-06-29
10452,10452,2026,27,27,0,0,0,2026-07-06
10452,10452,2026,28,28,0,0,0,2026-07-13
10452,10452,2026,29,29,0,0,0,2026-07-20
10452,10452,2026,30,30,0,0,0,2026-07-27
10452,10452,2026,31,31,0,0,0,2026-08-03
10452,10452,2026,32,32,0,0,0,2026-08-10
10452,10452,2026,33,33,0,0,0,2026-08-17
10453,10453,2026,22,22,0,0,0,2026-06-01
10453,10453,2026,23,23,0,0,0,2026-06-08
10453,10453,2026,24,24,0,0,0,2026-06-15
10453,10453,2026,25,25,0,0,0,2026-06-22
10453,10453,2026,26,26,0,0,0,2026-06-29
10453,10453,2026,27,27,0,0,0,2026-07-06
10453,10453,2026,28,28,0,0,0,2026-07-13
10453,10453,2026,29,29,0,0,0,2026-07-20
10453,10453,2026,30,30,0,0,0,2026-07-27
10453,10453,2026,31,31,0,0,0,2026-08-03
10453,10453,2026,32,32,0,0,0,2026-08-10
10453,10453,2026,33,33,0,0,0,2026-08-17
10454,10454,2026,22,22,0,0,0,2026-06-01
10454,10454,2026,23,23,0,0,0,2026-06-08
10454,10454,2026,24,24,0,0,0,2026-06-15
10454,10454,2026,25,25,0,0,0,2026-06-22
10454,10454,2026,26,26,0,0,0,2026-06-29
10454,10454,2026,27,27,0,0,0,2026-07-06
10454,10454,2026,28,28,0,0,0,2026-07-13
10454,10454,2026,29,29,0,0,0,2026-07-20
10454,10454,2026,30,30,0,0,0,2026-07-27
10454,10454,2026,31,31,1,1,1,2026-08-03
10454,10454,2026,32,32,1,1,1,2026-08-10
10454,10454,2026,33,33,0,0,0,2026-08-17
10455,10455,2026,22,22,0,0,0,2026-06-01
10455,10455,2026,23,23,0,0,0,2026-06-08
10455,10455,2026,24,24,0,0,0,2026-06-15
10455,10455,2026,25,25,0,0,0,2026-06-22
10455,10455,2026,26,26,0,0,0,2026-06-29
10455,10455,2026,27,27,0,0,0,2026-07-06
10455,10455,2026,28,28,0,0,0,2026-07-13
10455,10455,2026,29,29,0,0,0,2026-07-20
10455,10455,2026,30,30,0,0,0,2026-07-27
10455,10455,2026,31,31,0,0,0,2026-08-03
10455,10455,2026,32,32,0,0,0,2026-08-10
10455,10455,2026,33,33,0,0,0,2026-08-17
10456,10456,2026,22,22,0,0,0,2026-06-01
10456,10456,2026,23,23,0,0,0,2026-06-08
10456,10456,2026,24,24,0,0,0,2026-06-15
10456,10456,2026,25,25,0,0,0,2026-06-22
10456,10456,2026,26,26,0,0,0,2026-06-29
10456,10456,2026,27,27,0,0,0,2026-07-06
10456,10456,2026,28,28,0,0,0,2026-07-13
10456,10456,2026,29,29,0,0,0,2026-07-20
10456,10456,2026,30,30,0,0,0,2026-07-27
10456,10456,2026,31,31,2,2,1,2026-08-03
10456,10456,2026,32,32,0,0,0,2026-08-10
10456,10456,2026,33,33,1,1,1,2026-08-17
10457,10457,2026,22,22,0,0,0,2026-06-01
10457,10457,2026,23,23,0,0,0,2026-06-08
10457,10457,2026,24,24,0,0,0,2026-06-15
10457,10457,2026,25,25,0,0,0,2026-06-22
10457,10457,2026,26,26,0,0,0,2026-06-29
10457,10457,2026,27,27,0,0,0,2026-07-06
10457,10457,2026,28,28,0,0,0,2026-07-13
10457,10457,2026,29,29,0,0,0,2026-07-20
10457,10457,2026,30,30,1,1,1,2026-07-27
10457,10457,2026,31,31,1,1,1,2026-08-03
10457,10457,2026,32,32,1,1,1,2026-08-10
10457,10457,2026,33,33,1,1,1,2026-08-17
10458,10458,2026,22,22,0,0,0,2026-06-01
10458,10458,2026,23,23,0,0,0,2026-06-08
10458,10458,2026,24,24,0,0,0,2026-06-15
10458,10458,2026,25,25,0,0,0,2026-06-22
10458,10458,2026,26,26,0,0,0,2026-06-29
10458,10458,2026,27,27,0,0,0,2026-07-06
10458,10458,2026,28,28,0,0,0,2026-07-13
10458,10458,2026,29,29,0,0,0,2026-07-20
10458,10458,2026,30,30,0,0,0,2026-07-27
10458,10458,2026,31,31,0,0,0,2026-08-03
10458,10458,2026,32,32,0,0,0,2026-08-10
10458,10458,2026,33,33,0,0,0,2026-08-17
10459,10459,2026,22,22,0,0,0,2026-06-01
10459,10459,2026,23,23,0,0,0,2026-06-08
10459,10459,2026,24,24,0,0,0,2026-06-15
10459,10459,2026,25,25,0,0,0,2026-06-22
10459,10459,2026,26,26,0,0,0,2026-06-29
10459,10459,2026,27,27,0,0,0,2026-07-06
10459,10459,2026,28,28,0,0,0,2026-07-13
10459,10459,2026,29,29,0,0,0,2026-07-20
10459,10459,2026,30,30,0,0,0,2026-07-27
10459,10459,2026,31,31,0,0,0,2026-08-03
10459,10459,2026,32,32,0,0,0,2026-08-10
10459,10459,2026,33,33,0,0,0,2026-08-17
10460,10460,2026,22,22,0,0,0,2026-06-01
10460,10460,2026,23,23,0,0,0,2026-06-08
10460,10460,2026,24,24,0,0,0,2026-06-15
10460,10460,2026,25,25,0,0,0,2026-06-22
10460,10460,2026,26,26,0,0,0,2026-06-29
10460,10460,2026,27,27,0,0,0,2026-07-06
10460,10460,2026,28,28,0,0,0,2026-07-13
10460,10460,2026,29,29,0,0,0,2026-07-20
10460,10460,2026,30,30,0,0,0,2026-07-27
10460,10460,2026,31,31,1,1,1,2026-08-03
10460,10460,2026,32,32,0,0,0,2026-08-10
10460,10460,2026,33,33,0,0,0,2026-08-17
10461,10461,2026,22,22,0,0,0,2026-06-01
10461,10461,2026,23,23,0,0,0,2026-06-08
10461,10461,2026,24,24,0,0,0,2026-06-15
10461,10461,2026,25,25,0,0,0,2026-06-22
10461,10461,2026,26,26,0,0,0,2026-06-29
10461,10461,2026,27,27,0,0,0,2026-07-06
10461,10461,2026,28,28,0,0,0,2026-07-13
10461,10461,2026,29,29,0,0,0,2026-07-20
10461,10461,2026,30,30,1,1,1,2026-07-27
10461,10461,2026,31,31,1,1,1,2026-08-03
10461,10461,2026,32,32,2,2,1,2026-08-10
10461,10461,2026,33,33,2,2,1,2026-08-17
10462,10462,2026,22,22,0,0,0,2026-06-01
10462,10462,2026,23,23,0,0,0,2026-06-08
10462,10462,2026,24,24,0,0,0,2026-06-15
10462,10462,2026,25,25,0,0,0,2026-06-22
10462,10462,2026,26,26,0,0,0,2026-06-29
10462,10462,2026,27,27,0,0,0,2026-07-06
10462,10462,2026,28,28,0,0,0,2026-07-13
10462,10462,2026,29,29,0,0,0,2026-07-20
10462,10462,2026,30,30,0,0,0,2026-07-27
10462,10462,2026,31,31,0,0,0,2026-08-03
10462,10462,2026,32,32,1,1,1,2026-08-10
10462,10462,2026,33,33,1,1,1,2026-08-17
10463,10463,2026,22,22,0,0,0,2026-06-01
10463,10463,2026,23,23,0,0,0,2026-06-08
10463,10463,2026,24,24,0,0,0,2026-06-15
10463,10463,2026,25,25,0,0,0,2026-06-22
10463,10463,2026,26,26,0,0,0,2026-06-29
10463,10463,2026,27,27,0,0,0,2026-07-06
10463,10463,2026,28,28,0,0,0,2026-07-13
10463,10463,2026,29,29,0,0,0,2026-07-20
10463,10463,2026,30,30,0,0,0,2026-07-27
10463,10463,2026,31,31,0,0,0,2026-08-03
10463,10463,2026,32,32,0,0,0,2026-08-10
10463,10463,2026,33,33,0,0,0,2026-08-17
10464,10464,2026,22,22,0,0,0,2026-06-01
10464,10464,2026,23,23,0,0,0,2026-06-08
10464,10464,2026,24,24,0,0,0,2026-06-15
10464,10464,2026,25,25,0,0,0,2026-06-22
10464,10464,2026,26,26,0,0,0,2026-06-29
10464,10464,2026,27,27,1,1,1,2026-07-06
10464,10464,2026,28,28,1,1,1,2026-07-13
10464,10464,2026,29,29,1,1,1,2026-07-20
10464,10464,2026,30,30,1,1,1,2026-07-27
10464,10464,2026,31,31,1,1,1,2026-08-03
10464,10464,2026,32,32,1,1,1,2026-08-10
10464,10464,2026,33,33,1,1,1,2026-08-17
10465,10465,2026,22,22,0,0,0,2026-06-01
10465,10465,2026,23,23,0,0,0,2026-06-08
10465,10465,2026,24,24,0,0,0,2026-06-15
10465,10465,2026,25,25,0,0,0,2026-06-22
10465,10465,2026,26,26,0,0,0,2026-06-29
10465,10465,2026,27,27,1,1,1,2026-07-06
10465,10465,2026,28,28,1,1,1,2026-07-13
10465,10465,2026,29,29,1,1,1,2026-07-20
10465,10465,2026,30,30,1,1,1,2026-07-27
10465,10465,2026,31,31,1,1,1,2026-08-03
10465,10465,2026,32,32,2,2,1,2026-08-10
10465,10465,2026,33,33,1,1,1,2026-08-17
10466,10466,2026,22,22,0,0,0,2026-06-01
10466,10466,2026,23,23,0,0,0,2026-06-08
10466,10466,2026,24,24,0,0,0,2026-06-15
10466,10466,2026,25,25,0,0,0,2026-06-22
10466,10466,2026,26,26,0,0,0,2026-06-29
10466,10466,2026,27,27,0,0,0,2026-07-06
10466,10466,2026,28,28,0,0,0,2026-07-13
10466,10466,2026,29,29,0,0,0,2026-07-20
10466,10466,2026,30,30,0,0,0,2026-07-27
10466,10466,2026,31,31,0,0,0,2026-08-03
10466,10466,2026,32,32,0,0,0,2026-08-10
10466,10466,2026,33,33,0,0,0,2026-08-17
10467,10467,2026,22,22,0,0,0,2026-06-01
10467,10467,2026,23,23,0,0,0,2026-06-08
10467,10467,2026,24,24,0,0,0,2026-06-15
10467,10467,2026,25,25,0,0,0,2026-06-22
10467,10467,2026,26,26,0,0,0,2026-06-29
10467,10467,2026,27,27,0,0,0,2026-07-06
10467,10467,2026,28,28,1,1,1,2026-07-13
10467,10467,2026,29,29,1,1,1,2026-07-20
10467,10467,2026,30,30,1,1,1,2026-07-27
10467,10467,2026,31,31,1,1,1,2026-08-03
10467,10467,2026,32,32,1,1,1,2026-08-10
10467,10467,2026,33,33,1,1,1,2026-08-17
10468,10468,2026,22,22,0,0,0,2026-06-01
10468,10468,2026,23,23,0,0,0,2026-06-08
10468,10468,2026,24,24,0,0,0,2026-06-15
10468,10468,2026,25,25,0,0,0,2026-06-22
10468,10468,2026,26,26,0,0,0,2026-06-29
10468,10468,2026,27,27,0,0,0,2026-07-06
10468,10468,2026,28,28,0,0,0,2026-07-13
10468,10468,2026,29,29,0,0,0,2026-07-20
10468,10468,2026,30,30,0,0,0,2026-07-27
10468,10468,2026,31,31,0,0,0,2026-08-03
10468,10468,2026,32,32,0,0,0,2026-08-10
10468,10468,2026,33,33,0,0,0,2026-08-17
10469,10469,2026,22,22,0,0,0,2026-06-01
10469,10469,2026,23,23,0,0,0,2026-06-08
10469,10469,2026,24,24,0,0,0,2026-06-15
10469,10469,2026,25,25,0,0,0,2026-06-22
10469,10469,2026,26,26,0,0,0,2026-06-29
10469,10469,2026,27,27,0,0,0,2026-07-06
10469,10469,2026,28,28,0,0,0,2026-07-13
10469,10469,2026,29,29,0,0,0,2026-07-20
10469,10469,2026,30,30,1,1,1,2026-07-27
10469,10469,2026,31,31,1,1,1,2026-08-03
10469,10469,2026,32,32,1,1,1,2026-08-10
10469,10469,2026,33,33,1,1,1,2026-08-17
10470,10470,2026,22,22,0,0,0,2026-06-01
10470,10470,2026,23,23,0,0,0,2026-06-08
10470,10470,2026,24,24,0,0,0,2026-06-15
10470,10470,2026,25,25,0,0,0,2026-06-22
10470,10470,2026,26,26,0,0,0,2026-06-29
10470,10470,2026,27,27,0,0,0,2026-07-06
10470,10470,2026,28,28,0,0,0,2026-07-13
10470,10470,2026,29,29,0,0,0,2026-07-20
10470,10470,2026,30,30,0,0,0,2026-07-27
10470,10470,2026,31,31,0,0,0,2026-08-03
10470,10470,2026,32,32,0,0,0,2026-08-10
10470,10470,2026,33,33,0,0,0,2026-08-17
10471,10471,2026,22,22,0,0,0,2026-06-01
10471,10471,2026,23,23,0,0,0,2026-06-08
10471,10471,2026,24,24,0,0,0,2026-06-15
10471,10471,2026,25,25,0,0,0,2026-06-22
10471,10471,2026,26,26,0,0,0,2026-06-29
10471,10471,2026,27,27,1,1,1,2026-07-06
10471,10471,2026,28,28,0,0,0,2026-07-13
10471,10471,2026,29,29,0,0,0,2026-07-20
10471,10471,2026,30,30,0,0,0,2026-07-27
10471,10471,2026,31,31,2,2,1,2026-08-03
10471,10471,2026,32,32,1,1,1,2026-08-10
10471,10471,2026,33,33,1,1,1,2026-08-17
10472,10472,2026,22,22,0,0,0,2026-06-01
10472,10472,2026,23,23,0,0,0,2026-06-08
10472,10472,2026,24,24,0,0,0,2026-06-15
10472,10472,2026,25,25,0,0,0,2026-06-22
10472,10472,2026,26,26,0,0,0,2026-06-29
10472,10472,2026,27,27,0,0,0,2026-07-06
10472,10472,2026,28,28,0,0,0,2026-07-13
10472,10472,2026,29,29,0,0,0,2026-07-20
10472,10472,2026,30,30,0,0,0,2026-07-27
10472,10472,2026,31,31,0,0,0,2026-08-03
10472,10472,2026,32,32,0,0,0,2026-08-10
10472,10472,2026,33,33,0,0,0,2026-08-17
10473,10473,2026,22,22,0,0,0,2026-06-01
10473,10473,2026,23,23,0,0,0,2026-06-08
10473,10473,2026,24,24,0,0,0,2026-06-15
10473,10473,2026,25,25,0,0,0,2026-06-22
10473,10473,2026,26,26,0,0,0,2026-06-29
10473,10473,2026,27,27,0,0,0,2026-07-06
10473,10473,2026,28,28,1,1,1,2026-07-13
10473,10473,2026,29,29,1,1,1,2026-07-20
10473,10473,2026,30,30,1,1,1,2026-07-27
10473,10473,2026,31,31,1,1,1,2026-08-03
10473,10473,2026,32,32,1,1,1,2026-08-10
10473,10473,2026,33,33,1,1,1,2026-08-17
10474,10474,2026,22,22,0,0,0,2026-06-01
10474,10474,2026,23,23,0,0,0,2026-06-08
10474,10474,2026,24,24,0,0,0,2026-06-15
10474,10474,2026,25,25,0,0,0,2026-06-22
10474,10474,2026,26,26,0,0,0,2026-06-29
10474,10474,2026,27,27,0,0,0,2026-07-06
10474,10474,2026,28,28,0,0,0,2026-07-13
10474,10474,2026,29,29,0,0,0,2026-07-20
10474,10474,2026,30,30,1,1,1,2026-07-27
10474,10474,2026,31,31,1,1,1,2026-08-03
10474,10474,2026,32,32,1,1,1,2026-08-10
10474,10474,2026,33,33,0,0,0,2026-08-17
10475,10475,2026,22,22,0,0,0,2026-06-01
10475,10475,2026,23,23,0,0,0,2026-06-08
10475,10475,2026,24,24,0,0,0,2026-06-15
10475,10475,2026,25,25,0,0,0,2026-06-22
10475,10475,2026,26,26,0,0,0,2026-06-29
10475,10475,2026,27,27,0,0,0,2026-07-06
10475,10475,2026,28,28,0,0,0,2026-07-13
10475,10475,2026,29,29,0,0,0,2026-07-20
10475,10475,2026,30,30,0,0,0,2026-07-27
10475,10475,2026,31,31,1,1,1,2026-08-03
10475,10475,2026,32,32,1,1,1,2026-08-10
10475,10475,2026,33,33,0,0,0,2026-08-17
11001,11001,2026,22,22,0,0,0,2026-06-01
11001,11001,2026,23,23,0,0,0,2026-06-08
11001,11001,2026,24,24,0,0,0,2026-06-15
11001,11001,2026,25,25,0,0,0,2026-06-22
11001,11001,2026,26,26,0,0,0,2026-06-29
11001,11001,2026,27,27,0,0,0,2026-07-06
11001,11001,2026,28,28,0,0,0,2026-07-13
11001,11001,2026,29,29,0,0,0,2026-07-20
11001,11001,2026,30,30,0,0,0,2026-07-27
11001,11001,2026,31,31,0,0,0,2026-08-03
11001,11001,2026,32,32,0,0,0,2026-08-10
11001,11001,2026,33,33,0,0,0,2026-08-17
11004,11004,2026,22,22,0,0,0,2026-06-01
11004,11004,2026,23,23,0,0,0,2026-06-08
11004,11004,2026,24,24,0,0,0,2026-06-15
11004,11004,2026,25,25,0,0,0,2026-06-22
11004,11004,2026,26,26,0,0,0,2026-06-29
11004,11004,2026,27,27,0,0,0,2026-07-06
11004,11004,2026,28,28,0,0,0,2026-07-13
11004,11004,2026,29,29,1,1,1,2026-07-20
11004,11004,2026,30,30,0,0,0,2026-07-27
11004,11004,2026,31,31,0,0,0,2026-08-03
11004,11004,2026,32,32,0,0,0,2026-08-10
11004,11004,2026,33,33,0,0,0,2026-08-17
11005,11005,2026,22,22,0,0,0,2026-06-01
11005,11005,2026,23,23,0,0,0,2026-06-08
11005,11005,2026,24,24,0,0,0,2026-06-15
11005,11005,2026,25,25,0,0,0,2026-06-22
11005,11005,2026,26,26,0,0,0,2026-06-29
11005,11005,2026,27,27,0,0,0,2026-07-06
11005,11005,2026,28,28,1,1,1,2026-07-13
11005,11005,2026,29,29,1,1,1,2026-07-20
11005,11005,2026,30,30,0,0,0,2026-07-27
11005,11005,2026,31,31,0,0,0,2026-08-03
11005,11005,2026,32,32,0,0,0,2026-08-10
11005,11005,2026,33,33,0,0,0,2026-08-17
11040,11040,2026,22,22,0,0,0,2026-06-01
11040,11040,2026,23,23,0,0,0,2026-06-08
11040,11040,2026,24,24,0,0,0,2026-06-15
11040,11040,2026,25,25,0,0,0,2026-06-22
11040,11040,2026,26,26,0,0,0,2026-06-29
11040,11040,2026,27,27,0,0,0,2026-07-06
11040,11040,2026,28,28,0,0,0,2026-07-13
11040,11040,2026,29,29,0,0,0,2026-07-20
11040,11040,2026,30,30,0,0,0,2026-07-27
11040,11040,2026,31,31,0,0,0,2026-08-03
11040,11040,2026,32,32,0,0,0,2026-08-10
11040,11040,2026,33,33,0,0,0,2026-08-17
11096,11096,2026,22,22,0,0,0,2026-06-01
11096,11096,2026,23,23,0,0,0,2026-06-08
11096,11096,2026,24,24,0,0,0,2026-06-15
11096,11096,2026,25,25,0,0,0,2026-06-22
11096,11096,2026,26,26,0,0,0,2026-06-29
11096,11096,2026,27,27,0,0,0,2026-07-06
11096,11096,2026,28,28,0,0,0,2026-07-13
11096,11096,2026,29,29,0,0,0,2026-07-20
11096,11096,2026,30,30,0,0,0,2026-07-27
11096,11096,2026,31,31,0,0,0,2026-08-03
11096,11096,2026,32,32,0,0,0,2026-08-10
11096,11096,2026,33,33,0,0,0,2026-08-17
11101,11101,2026,22,22,0,0,0,2026-06-01
11101,11101,2026,23,23,0,0,0,2026-06-08
11101,11101,2026,24,24,0,0,0,2026-06-15
11101,11101,2026,25,25,0,0,0,2026-06-22
11101,11101,2026,26,26,0,0,0,2026-06-29
11101,11101,2026,27,27,1,1,1,2026-07-06
11101,11101,2026,28,28,1,1,1,2026-07-13
11101,11101,2026,29,29,2,2,1,2026-07-20
11101,11101,2026,30,30,1,1,1,2026-07-27
11101,11101,2026,31,31,1,1,1,2026-08-03
11101,11101,2026,32,32,1,1,1,2026-08-10
11101,11101,2026,33,33,0,0,0,2026-08-17
11102,11102,2026,22,22,0,0,0,2026-06-01
11102,11102,2026,23,23,0,0,0,2026-06-08
11102,11102,2026,24,24,0,0,0,2026-06-15
11102,11102,2026,25,25,0,0,0,2026-06-22
11102,11102,2026,26,26,0,0,0,2026-06-29
11102,11102,2026,27,27,0,0,0,2026-07-06
11102,11102,2026,28,28,0,0,0,2026-07-13
11102,11102,2026,29,29,0,0,0,2026-07-20
11102,11102,2026,30,30,0,0,0,2026-07-27
11102,11102,2026,31,31,0,0,0,2026-08-03
11102,11102,2026,32,32,0,0,0,2026-08-10
11102,11102,2026,33,33,0,0,0,2026-08-17
11103,11103,2026,22,22,0,0,0,2026-06-01
11103,11103,2026,23,23,0,0,0,2026-06-08
11103,11103,2026,24,24,0,0,0,2026-06-15
11103,11103,2026,25,25,0,0,0,2026-06-22
11103,11103,2026,26,26,0,0,0,2026-06-29
11103,11103,2026,27,27,0,0,0,2026-07-06
11103,11103,2026,28,28,0,0,0,2026-07-13
11103,11103,2026,29,29,0,0,0,2026-07-20
11103,11103,2026,30,30,0,0,0,2026-07-27
11103,11103,2026,31,31,0,0,0,2026-08-03
11103,11103,2026,32,32,0,0,0,2026-08-10
11103,11103,2026,33,33,0,0,0,2026-08-17
11104,11104,2026,22,22,0,0,0,2026-06-01
11104,11104,2026,23,23,0,0,0,2026-06-08
11104,11104,2026,24,24,0,0,0,2026-06-15
11104,11104,2026,25,25,0,0,0,2026-06-22
11104,11104,2026,26,26,0,0,0,2026-06-29
11104,11104,2026,27,27,0,0,0,2026-07-06
11104,11104,2026,28,28,0,0,0,2026-07-13
11104,11104,2026,29,29,0,0,0,2026-07-20
11104,11104,2026,30,30,0,0,0,2026-07-27
11104,11104,2026,31,31,0,0,0,2026-08-03
11104,11104,2026,32,32,0,0,0,2026-08-10
11104,11104,2026,33,33,0,0,0,2026-08-17
11105,11105,2026,22,22,0,0,0,2026-06-01
11105,11105,2026,23,23,0,0,0,2026-06-08
11105,11105,2026,24,24,0,0,0,2026-06-15
11105,11105,2026,25,25,0,0,0,2026-06-22
11105,11105,2026,26,26,0,0,0,2026-06-29
11105,11105,2026,27,27,0,0,0,2026-07-06
11105,11105,2026,28,28,0,0,0,2026-07-13
11105,11105,2026,29,29,0,0,0,2026-07-20
11105,11105,2026,30,30,1,1,1,2026-07-27
11105,11105,2026,31,31,1,1,1,2026-08-03
11105,11105,2026,32,32,1,1,1,2026-08-10
11105,11105,2026,33,33,0,0,0,2026-08-17
11106,11106,2026,22,22,0,0,0,2026-06-01
11106,11106,2026,23,23,0,0,0,2026-06-08
11106,11106,2026,24,24,0,0,0,2026-06-15
11106,11106,2026,25,25,0,0,0,2026-06-22
11106,11106,2026,26,26,0,0,0,2026-06-29
11106,11106,2026,27,27,0,0,0,2026-07-06
11106,11106,2026,28,28,0,0,0,2026-07-13
11106,11106,2026,29,29,0,0,0,2026-07-20
11106,11106,2026,30,30,0,0,0,2026-07-27
11106,11106,2026,31,31,0,0,0,2026-08-03
11106,11106,2026,32,32,0,0,0,2026-08-10
11106,11106,2026,33,33,0,0,0,2026-08-17
11109,11109,2026,22,22,0,0,0,2026-06-01
11109,11109,2026,23,23,0,0,0,2026-06-08
11109,11109,2026,24,24,0,0,0,2026-06-15
11109,11109,2026,25,25,0,0,0,2026-06-22
11109,11109,2026,26,26,0,0,0,2026-06-29
11109,11109,2026,27,27,0,0,0,2026-07-06
11109,11109,2026,28,28,0,0,0,2026-07-13
11109,11109,2026,29,29,0,0,0,2026-07-20
11109,11109,2026,30,30,0,0,0,2026-07-27
11109,11109,2026,31,31,0,0,0,2026-08-03
11109,11109,2026,32,32,0,0,0,2026-08-10
11109,11109,2026,33,33,0,0,0,2026-08-17
11201,11201,2026,22,22,0,0,0,2026-06-01
11201,11201,2026,23,23,0,0,0,2026-06-08
11201,11201,2026,24,24,0,0,0,2026-06-15
11201,11201,2026,25,25,0,0,0,2026-06-22
11201,11201,2026,26,26,0,0,0,2026-06-29
11201,11201,2026,27,27,0,0,0,2026-07-06
11201,11201,2026,28,28,0,0,0,2026-07-13
11201,11201,2026,29,29,0,0,0,2026-07-20
11201,11201,2026,30,30,0,0,0,2026-07-27
11201,11201,2026,31,31,0,0,0,2026-08-03
11201,11201,2026,32,32,0,0,0,2026-08-10
11201,11201,2026,33,33,0,0,0,2026-08-17
11203,11203,2026,22,22,0,0,0,2026-06-01
11203,11203,2026,23,23,0,0,0,2026-06-08
11203,11203,2026,24,24,0,0,0,2026-06-15
11203,11203,2026,25,25,0,0,0,2026-06-22
11203,11203,2026,26,26,0,0,0,2026-06-29
11203,11203,2026,27,27,0,0,0,2026-07-06
11203,11203,2026,28,28,0,0,0,2026-07-13
11203,11203,2026,29,29,0,0,0,2026-07-20
11203,11203,2026,30,30,1,1,1,2026-07-27
11203,11203,2026,31,31,0,0,0,2026-08-03
11203,11203,2026,32,32,1,1,1,2026-08-10
11203,11203,2026,33,33,0,0,0,2026-08-17
11204,11204,2026,22,22,0,0,0,2026-06-01
11204,11204,2026,23,23,0,0,0,2026-06-08
11204,11204,2026,24,24,0,0,0,2026-06-15
11204,11204,2026,25,25,0,0,0,2026-06-22
11204,11204,2026,26,26,0,0,0,2026-06-29
11204,11204,2026,27,27,0,0,0,2026-07-06
11204,11204,2026,28,28,0,0,0,2026-07-13
11204,11204,2026,29,29,1,1,1,2026-07-20
11204,11204,2026,30,30,1,1,1,2026-07-27
11204,11204,2026,31,31,1,1,1,2026-08-03
11204,11204,2026,32,32,0,0,0,2026-08-10
11204,11204,2026,33,33,0,0,0,2026-08-17
11205,11205,2026,22,22,0,0,0,2026-06-01
11205,11205,2026,23,23,0,0,0,2026-06-08
11205,11205,2026,24,24,0,0,0,2026-06-15
11205,11205,2026,25,25,0,0,0,2026-06-22
11205,11205,2026,26,26,0,0,0,2026-06-29
11205,11205,2026,27,27,0,0,0,2026-07-06
11205,11205,2026,28,28,0,0,0,2026-07-13
11205,11205,2026,29,29,0,0,0,2026-07-20
11205,11205,2026,30,30,0,0,0,2026-07-27
11205,11205,2026,31,31,0,0,0,2026-08-03
11205,11205,2026,32,32,0,0,0,2026-08-10
11205,11205,2026,33,33,0,0,0,2026-08-17
11206,11206,2026,22,22,0,0,0,2026-06-01
11206,11206,2026,23,23,0,0,0,2026-06-08
11206,11206,2026,24,24,0,0,0,2026-06-15
11206,11206,2026,25,25,0,0,0,2026-06-22
11206,11206,2026,26,26,0,0,0,2026-06-29
11206,11206,2026,27,27,0,0,0,2026-07-06
11206,11206,2026,28,28,0,0,0,2026-07-13
11206,11206,2026,29,29,0,0,0,2026-07-20
11206,11206,2026,30,30,1,1,1,2026-07-27
11206,11206,2026,31,31,1,1,1,2026-08-03
11206,11206,2026,32,32,1,1,1,2026-08-10
11206,11206,2026,33,33,1,1,1,2026-08-17
11207,11207,2026,22,22,0,0,0,2026-06-01
11207,11207,2026,23,23,0,0,0,2026-06-08
11207,11207,2026,24,24,0,0,0,2026-06-15
11207,11207,2026,25,25,0,0,0,2026-06-22
11207,11207,2026,26,26,0,0,0,2026-06-29
11207,11207,2026,27,27,0,0,0,2026-07-06
11207,11207,2026,28,28,0,0,0,2026-07-13
11207,11207,2026,29,29,0,0,0,2026-07-20
11207,11207,2026,30,30,1,1,1,2026-07-27
11207,11207,2026,31,31,1,1,1,2026-08-03
11207,11207,2026,32,32,1,1,1,2026-08-10
11207,11207,2026,33,33,1,1,1,2026-08-17
11208,11208,2026,22,22,0,0,0,2026-06-01
11208,11208,2026,23,23,0,0,0,2026-06-08
11208,11208,2026,24,24,0,0,0,2026-06-15
11208,11208,2026,25,25,0,0,0,2026-06-22
11208,11208,2026,26,26,0,0,0,2026-06-29
11208,11208,2026,27,27,0,0,0,2026-07-06
11208,11208,2026,28,28,0,0,0,2026-07-13
11208,11208,2026,29,29,1,1,1,2026-07-20
11208,11208,2026,30,30,1,1,1,2026-07-27
11208,11208,2026,31,31,1,1,1,2026-08-03
11208,11208,2026,32,32,2,2,1,2026-08-10
11208,11208,2026,33,33,0,0,0,2026-08-17
11209,11209,2026,22,22,0,0,0,2026-06-01
11209,11209,2026,23,23,0,0,0,2026-06-08
11209,11209,2026,24,24,0,0,0,2026-06-15
11209,11209,2026,25,25,0,0,0,2026-06-22
11209,11209,2026,26,26,0,0,0,2026-06-29
11209,11209,2026,27,27,0,0,0,2026-07-06
11209,11209,2026,28,28,0,0,0,2026-07-13
11209,11209,2026,29,29,1,1,1,2026-07-20
11209,11209,2026,30,30,0,0,0,2026-07-27
11209,11209,2026,31,31,1,1,1,2026-08-03
11209,11209,2026,32,32,0,0,0,2026-08-10
11209,11209,2026,33,33,0,0,0,2026-08-17
11210,11210,2026,22,22,0,0,0,2026-06-01
11210,11210,2026,23,23,0,0,0,2026-06-08
11210,11210,2026,24,24,0,0,0,2026-06-15
11210,11210,2026,25,25,0,0,0,2026-06-22
11210,11210,2026,26,26,0,0,0,2026-06-29
11210,11210,2026,27,27,0,0,0,2026-07-06
11210,11210,2026,28,28,0,0,0,2026-07-13
11210,11210,2026,29,29,0,0,0,2026-07-20
11210,11210,2026,30,30,0,0,0,2026-07-27
11210,11210,2026,31,31,0,0,0,2026-08-03
11210,11210,2026,32,32,0,0,0,2026-08-10
11210,11210,2026,33,33,0,0,0,2026-08-17
11211,11211,2026,22,22,0,0,0,2026-06-01
11211,11211,2026,23,23,0,0,0,2026-06-08
11211,11211,2026,24,24,0,0,0,2026-06-15
11211,11211,2026,25,25,0,0,0,2026-06-22
11211,11211,2026,26,26,0,0,0,2026-06-29
11211,11211,2026,27,27,0,0,0,2026-07-06
11211,11211,2026,28,28,0,0,0,2026-07-13
11211,11211,2026,29,29,0,0,0,2026-07-20
11211,11211,2026,30,30,0,0,0,2026-07-27
11211,11211,2026,31,31,0,0,0,2026-08-03
11211,11211,2026,32,32,0,0,0,2026-08-10
11211,11211,2026,33,33,0,0,0,2026-08-17
11212,11212,2026,22,22,0,0,0,2026-06-01
11212,11212,2026,23,23,0,0,0,2026-06-08
11212,11212,2026,24,24,0,0,0,2026-06-15
11212,11212,2026,25,25,0,0,0,2026-06-22
11212,11212,2026,26,26,0,0,0,2026-06-29
11212,11212,2026,27,27,0,0,0,2026-07-06
11212,11212,2026,28,28,0,0,0,2026-07-13
11212,11212,2026,29,29,0,0,0,2026-07-20
11212,11212,2026,30,30,0,0,0,2026-07-27
11212,11212,2026,31,31,0,0,0,2026-08-03
11212,11212,2026,32,32,1,1,1,2026-08-10
11212,11212,2026,33,33,0,0,0,2026-08-17
11213,11213,2026,22,22,0,0,0,2026-06-01
11213,11213,2026,23,23,0,0,0,2026-06-08
11213,11213,2026,24,24,0,0,0,2026-06-15
11213,11213,2026,25,25,0,0,0,2026-06-22
11213,11213,2026,26,26,0,0,0,2026-06-29
11213,11213,2026,27,27,0,0,0,2026-07-06
11213,11213,2026,28,28,0,0,0,2026-07-13
11213,11213,2026,29,29,0,0,0,2026-07-20
11213,11213,2026,30,30,0,0,0,2026-07-27
11213,11213,2026,31,31,0,0,0,2026-08-03
11213,11213,2026,32,32,0,0,0,2026-08-10
11213,11213,2026,33,33,0,0,0,2026-08-17
11214,11214,2026,22,22,0,0,0,2026-06-01
11214,11214,2026,23,23,0,0,0,2026-06-08
11214,11214,2026,24,24,0,0,0,2026-06-15
11214,11214,2026,25,25,0,0,0,2026-06-22
11214,11214,2026,26,26,0,0,0,2026-06-29
11214,11214,2026,27,27,0,0,0,2026-07-06
11214,11214,2026,28,28,2,2,1,2026-07-13
11214,11214,2026,29,29,2,2,1,2026-07-20
11214,11214,2026,30,30,2,2,1,2026-07-27
11214,11214,2026,31,31,2,2,1,2026-08-03
11214,11214,2026,32,32,1,1,1,2026-08-10
11214,11214,2026,33,33,0,0,0,2026-08-17
11215,11215,2026,22,22,0,0,0,2026-06-01
11215,11215,2026,23,23,0,0,0,2026-06-08
11215,11215,2026,24,24,0,0,0,2026-06-15
11215,11215,2026,25,25,0,0,0,2026-06-22
11215,11215,2026,26,26,0,0,0,2026-06-29
11215,11215,2026,27,27,1,1,1,2026-07-06
11215,11215,2026,28,28,2,2,1,2026-07-13
11215,11215,2026,29,29,2,2,1,2026-07-20
11215,11215,2026,30,30,1,1,1,2026-07-27
11215,11215,2026,31,31,2,2,1,2026-08-03
11215,11215,2026,32,32,1,1,1,2026-08-10
11215,11215,2026,33,33,0,0,0,2026-08-17
11216,11216,2026,22,22,0,0,0,2026-06-01
11216,11216,2026,23,23,0,0,0,2026-06-08
11216,11216,2026,24,24,0,0,0,2026-06-15
11216,11216,2026,25,25,0,0,0,2026-06-22
11216,11216,2026,26,26,0,0,0,2026-06-29
11216,11216,2026,27,27,0,0,0,2026-07-06
11216,11216,2026,28,28,0,0,0,2026-07-13
11216,11216,2026,29,29,0,0,0,2026-07-20
11216,11216,2026,30,30,0,0,0,2026-07-27
11216,11216,2026,31,31,0,0,0,2026-08-03
11216,11216,2026,32,32,0,0,0,2026-08-10
11216,11216,2026,33,33,0,0,0,2026-08-17
11217,11217,2026,22,22,0,0,0,2026-06-01
11217,11217,2026,23,23,0,0,0,2026-06-08
11217,11217,2026,24,24,0,0,0,2026-06-15
11217,11217,2026,25,25,0,0,0,2026-06-22
11217,11217,2026,26,26,0,0,0,2026-06-29
11217,11217,2026,27,27,0,0,0,2026-07-06
11217,11217,2026,28,28,0,0,0,2026-07-13
11217,11217,2026,29,29,0,0,0,2026-07-20
11217,11217,2026,30,30,0,0,0,2026-07-27
11217,11217,2026,31,31,0,0,0,2026-08-03
11217,11217,2026,32,32,0,0,0,2026-08-10
11217,11217,2026,33,33,0,0,0,2026-08-17
11218,11218,2026,22,22,0,0,0,2026-06-01
11218,11218,2026,23,23,0,0,0,2026-06-08
11218,11218,2026,24,24,0,0,0,2026-06-15
11218,11218,2026,25,25,0,0,0,2026-06-22
11218,11218,2026,26,26,0,0,0,2026-06-29
11218,11218,2026,27,27,0,0,0,2026-07-06
11218,11218,2026,28,28,0,0,0,2026-07-13
11218,11218,2026,29,29,0,0,0,2026-07-20
11218,11218,2026,30,30,0,0,0,2026-07-27
11218,11218,2026,31,31,0,0,0,2026-08-03
11218,11218,2026,32,32,0,0,0,2026-08-10
11218,11218,2026,33,33,0,0,0,2026-08-17
11219,11219,2026,22,22,0,0,0,2026-06-01
11219,11219,2026,23,23,0,0,0,2026-06-08
11219,11219,2026,24,24,0,0,0,2026-06-15
11219,11219,2026,25,25,0,0,0,2026-06-22
11219,11219,2026,26,26,0,0,0,2026-06-29
11219,11219,2026,27,27,0,0,0,2026-07-06
11219,11219,2026,28,28,1,1,1,2026-07-13
11219,11219,2026,29,29,2,2,1,2026-07-20
11219,11219,2026,30,30,2,2,1,2026-07-27
11219,11219,2026,31,31,1,1,1,2026-08-03
11219,11219,2026,32,32,1,1,1,2026-08-10
11219,11219,2026,33,33,0,0,0,2026-08-17
11220,11220,2026,22,22,0,0,0,2026-06-01
11220,11220,2026,23,23,0,0,0,2026-06-08
11220,11220,2026,24,24,0,0,0,2026-06-15
11220,11220,2026,25,25,0,0,0,2026-06-22
11220,11220,2026,26,26,0,0,0,2026-06-29
11220,11220,2026,27,27,0,0,0,2026-07-06
11220,11220,2026,28,28,0,0,0,2026-07-13
11220,11220,2026,29,29,1,1,1,2026-07-20
11220,11220,2026,30,30,1,1,1,2026-07-27
11220,11220,2026,31,31,1,1,1,2026-08-03
11220,11220,2026,32,32,1,1,1,2026-08-10
11220,11220,2026,33,33,0,0,0,2026-08-17
11221,11221,2026,22,22,0,0,0,2026-06-01
11221,11221,2026,23,23,0,0,0,2026-06-08
11221,11221,2026,24,24,0,0,0,2026-06-15
11221,11221,2026,25,25,0,0,0,2026-06-22
11221,11221,2026,26,26,0,0,0,2026-06-29
11221,11221,2026,27,27,0,0,0,2026-07-06
11221,11221,2026,28,28,0,0,0,2026-07-13
11221,11221,2026,29,29,0,0,0,2026-07-20
11221,11221,2026,30,30,0,0,0,2026-07-27
11221,11221,2026,31,31,1,1,1,2026-08-03
11221,11221,2026,32,32,1,1,1,2026-08-10
11221,11221,2026,33,33,1,1,1,2026-08-17
11222,11222,2026,22,22,0,0,0,2026-06-01
11222,11222,2026,23,23,0,0,0,2026-06-08
11222,11222,2026,24,24,0,0,0,2026-06-15
11222,11222,2026,25,25,0,0,0,2026-06-22
11222,11222,2026,26,26,0,0,0,2026-06-29
11222,11222,2026,27,27,0,0,0,2026-07-06
11222,11222,2026,28,28,0,0,0,2026-07-13
11222,11222,2026,29,29,1,1,1,2026-07-20
11222,11222,2026,30,30,1,1,1,2026-07-27
11222,11222,2026,31,31,0,0,0,2026-08-03
11222,11222,2026,32,32,0,0,0,2026-08-10
11222,11222,2026,33,33,0,0,0,2026-08-17
11223,11223,2026,22,22,0,0,0,2026-06-01
11223,11223,2026,23,23,0,0,0,2026-06-08
11223,11223,2026,24,24,0,0,0,2026-06-15
11223,11223,2026,25,25,0,0,0,2026-06-22
11223,11223,2026,26,26,0,0,0,2026-06-29
11223,11223,2026,27,27,0,0,0,2026-07-06
11223,11223,2026,28,28,1,1,1,2026-07-13
11223,11223,2026,29,29,1,1,1,2026-07-20
11223,11223,2026,30,30,1,1,1,2026-07-27
11223,11223,2026,31,31,1,1,1,2026-08-03
11223,11223,2026,32,32,0,0,0,2026-08-10
11223,11223,2026,33,33,0,0,0,2026-08-17
11224,11224,2026,22,22,0,0,0,2026-06-01
11224,11224,2026,23,23,0,0,0,2026-06-08
11224,11224,2026,24,24,0,0,0,2026-06-15
11224,11224,2026,25,25,0,0,0,2026-06-22
11224,11224,2026,26,26,0,0,0,2026-06-29
11224,11224,2026,27,27,0,0,0,2026-07-06
11224,11224,2026,28,28,0,0,0,2026-07-13
11224,11224,2026,29,29,0,0,0,2026-07-20
11224,11224,2026,30,30,0,0,0,2026-07-27
11224,11224,2026,31,31,0,0,0,2026-08-03
11224,11224,2026,32,32,0,0,0,2026-08-10
11224,11224,2026,33,33,0,0,0,2026-08-17
11225,11225,2026,22,22,0,0,0,2026-06-01
11225,11225,2026,23,23,0,0,0,2026-06-08
11225,11225,2026,24,24,0,0,0,2026-06-15
11225,11225,2026,25,25,0,0,0,2026-06-22
11225,11225,2026,26,26,0,0,0,2026-06-29
11225,11225,2026,27,27,0,0,0,2026-07-06
11225,11225,2026,28,28,0,0,0,2026-07-13
11225,11225,2026,29,29,0,0,0,2026-07-20
11225,11225,2026,30,30,0,0,0,2026-07-27
11225,11225,2026,31,31,0,0,0,2026-08-03
11225,11225,2026,32,32,0,0,0,2026-08-10
11225,11225,2026,33,33,0,0,0,2026-08-17
11226,11226,2026,22,22,0,0,0,2026-06-01
11226,11226,2026,23,23,0,0,0,2026-06-08
11226,11226,2026,24,24,0,0,0,2026-06-15
11226,11226,2026,25,25,0,0,0,2026-06-22
11226,11226,2026,26,26,0,0,0,2026-06-29
11226,11226,2026,27,27,0,0,0,2026-07-06
11226,11226,2026,28,28,0,0,0,2026-07-13
11226,11226,2026,29,29,0,0,0,2026-07-20
11226,11226,2026,30,30,0,0,0,2026-07-27
11226,11226,2026,31,31,0,0,0,2026-08-03
11226,11226,2026,32,32,0,0,0,2026-08-10
11226,11226,2026,33,33,0,0,0,2026-08-17
11228,11228,2026,22,22,0,0,0,2026-06-01
11228,11228,2026,23,23,0,0,0,2026-06-08
11228,11228,2026,24,24,0,0,0,2026-06-15
11228,11228,2026,25,25,0,0,0,2026-06-22
11228,11228,2026,26,26,0,0,0,2026-06-29
11228,11228,2026,27,27,1,1,1,2026-07-06
11228,11228,2026,28,28,1,1,1,2026-07-13
11228,11228,2026,29,29,1,1,1,2026-07-20
11228,11228,2026,30,30,1,1,1,2026-07-27
11228,11228,2026,31,31,1,1,1,2026-08-03
11228,11228,2026,32,32,1,1,1,2026-08-10
11228,11228,2026,33,33,0,0,0,2026-08-17
11229,11229,2026,22,22,0,0,0,2026-06-01
11229,11229,2026,23,23,0,0,0,2026-06-08
11229,11229,2026,24,24,0,0,0,2026-06-15
11229,11229,2026,25,25,0,0,0,2026-06-22
11229,11229,2026,26,26,1,1,1,2026-06-29
11229,11229,2026,27,27,2,2,1,2026-07-06
11229,11229,2026,28,28,0,0,0,2026-07-13
11229,11229,2026,29,29,2,2,1,2026-07-20
11229,11229,2026,30,30,1,1,1,2026-07-27
11229,11229,2026,31,31,2,2,1,2026-08-03
11229,11229,2026,32,32,1,1,1,2026-08-10
11229,11229,2026,33,33,0,0,0,2026-08-17
11230,11230,2026,22,22,0,0,0,2026-06-01
11230,11230,2026,23,23,0,0,0,2026-06-08
11230,11230,2026,24,24,0,0,0,2026-06-15
11230,11230,2026,25,25,0,0,0,2026-06-22
11230,11230,2026,26,26,0,0,0,2026-06-29
11230,11230,2026,27,27,0,0,0,2026-07-06
11230,11230,2026,28,28,0,0,0,2026-07-13
11230,11230,2026,29,29,0,0,0,2026-07-20
11230,11230,2026,30,30,0,0,0,2026-07-27
11230,11230,2026,31,31,0,0,0,2026-08-03
11230,11230,2026,32,32,0,0,0,2026-08-10
11230,11230,2026,33,33,0,0,0,2026-08-17
11231,11231,2026,22,22,0,0,0,2026-06-01
11231,11231,2026,23,23,0,0,0,2026-06-08
11231,11231,2026,24,24,0,0,0,2026-06-15
11231,11231,2026,25,25,0,0,0,2026-06-22
11231,11231,2026,26,26,0,0,0,2026-06-29
11231,11231,2026,27,27,0,0,0,2026-07-06
11231,11231,2026,28,28,0,0,0,2026-07-13
11231,11231,2026,29,29,0,0,0,2026-07-20
11231,11231,2026,30,30,0,0,0,2026-07-27
11231,11231,2026,31,31,0,0,0,2026-08-03
11231,11231,2026,32,32,0,0,0,2026-08-10
11231,11231,2026,33,33,0,0,0,2026-08-17
11232,11232,2026,22,22,0,0,0,2026-06-01
11232,11232,2026,23,23,0,0,0,2026-06-08
11232,11232,2026,24,24,0,0,0,2026-06-15
11232,11232,2026,25,25,0,0,0,2026-06-22
11232,11232,2026,26,26,1,1,1,2026-06-29
11232,11232,2026,27,27,0,0,0,2026-07-06
11232,11232,2026,28,28,1,1,1,2026-07-13
11232,11232,2026,29,29,1,1,1,2026-07-20
11232,11232,2026,30,30,1,1,1,2026-07-27
11232,11232,2026,31,31,1,1,1,2026-08-03
11232,11232,2026,32,32,1,1,1,2026-08-10
11232,11232,2026,33,33,0,0,0,2026-08-17
11233,11233,2026,22,22,0,0,0,2026-06-01
11233,11233,2026,23,23,0,0,0,2026-06-08
11233,11233,2026,24,24,0,0,0,2026-06-15
11233,11233,2026,25,25,0,0,0,2026-06-22
11233,11233,2026,26,26,0,0,0,2026-06-29
11233,11233,2026,27,27,0,0,0,2026-07-06
11233,11233,2026,28,28,0,0,0,2026-07-13
11233,11233,2026,29,29,0,0,0,2026-07-20
11233,11233,2026,30,30,0,0,0,2026-07-27
11233,11233,2026,31,31,0,0,0,2026-08-03
11233,11233,2026,32,32,0,0,0,2026-08-10
11233,11233,2026,33,33,0,0,0,2026-08-17
11234,11234,2026,22,22,0,0,0,2026-06-01
11234,11234,2026,23,23,0,0,0,2026-06-08
11234,11234,2026,24,24,0,0,0,2026-06-15
11234,11234,2026,25,25,0,0,0,2026-06-22
11234,11234,2026,26,26,1,1,1,2026-06-29
11234,11234,2026,27,27,1,1,1,2026-07-06
11234,11234,2026,28,28,2,2,1,2026-07-13
11234,11234,2026,29,29,2,2,1,2026-07-20
11234,11234,2026,30,30,2,2,1,2026-07-27
11234,11234,2026,31,31,2,2,1,2026-08-03
11234,11234,2026,32,32,2,2,1,2026-08-10
11234,11234,2026,33,33,0,0,0,2026-08-17
11235,11235,2026,22,22,0,0,0,2026-06-01
11235,11235,2026,23,23,0,0,0,2026-06-08
11235,11235,2026,24,24,0,0,0,2026-06-15
11235,11235,2026,25,25,0,0,0,2026-06-22
11235,11235,2026,26,26,0,0,0,2026-06-29
11235,11235,2026,27,27,1,1,1,2026-07-06
11235,11235,2026,28,28,1,1,1,2026-07-13
11235,11235,2026,29,29,1,1,1,2026-07-20
11235,11235,2026,30,30,1,1,1,2026-07-27
11235,11235,2026,31,31,1,1,1,2026-08-03
11235,11235,2026,32,32,0,0,0,2026-08-10
11235,11235,2026,33,33,0,0,0,2026-08-17
11236,11236,2026,22,22,0,0,0,2026-06-01
11236,11236,2026,23,23,0,0,0,2026-06-08
11236,11236,2026,24,24,0,0,0,2026-06-15
11236,11236,2026,25,25,0,0,0,2026-06-22
11236,11236,2026,26,26,0,0,0,2026-06-29
11236,11236,2026,27,27,0,0,0,2026-07-06
11236,11236,2026,28,28,1,1,1,2026-07-13
11236,11236,2026,29,29,1,1,1,2026-07-20
11236,11236,2026,30,30,1,1,1,2026-07-27
11236,11236,2026,31,31,1,1,1,2026-08-03
11236,11236,2026,32,32,1,1,1,2026-08-10
11236,11236,2026,33,33,1,1,1,2026-08-17
11237,11237,2026,22,22,0,0,0,2026-06-01
11237,11237,2026,23,23,0,0,0,2026-06-08
11237,11237,2026,24,24,0,0,0,2026-06-15
11237,11237,2026,25,25,0,0,0,2026-06-22
11237,11237,2026,26,26,0,0,0,2026-06-29
11237,11237,2026,27,27,0,0,0,2026-07-06
11237,11237,2026,28,28,0,0,0,2026-07-13
11237,11237,2026,29,29,0,0,0,2026-07-20
11237,11237,2026,30,30,0,0,0,2026-07-27
11237,11237,2026,31,31,1,1,1,2026-08-03
11237,11237,2026,32,32,1,1,1,2026-08-10
11237,11237,2026,33,33,1,1,1,2026-08-17
11238,11238,2026,22,22,0,0,0,2026-06-01
11238,11238,2026,23,23,0,0,0,2026-06-08
11238,11238,2026,24,24,0,0,0,2026-06-15
11238,11238,2026,25,25,0,0,0,2026-06-22
11238,11238,2026,26,26,0,0,0,2026-06-29
11238,11238,2026,27,27,0,0,0,2026-07-06
11238,11238,2026,28,28,1,1,1,2026-07-13
11238,11238,2026,29,29,1,1,1,2026-07-20
11238,11238,2026,30,30,1,1,1,2026-07-27
11238,11238,2026,31,31,1,1,1,2026-08-03
11238,11238,2026,32,32,1,1,1,2026-08-10
11238,11238,2026,33,33,0,0,0,2026-08-17
11239,11239,2026,22,22,0,0,0,2026-06-01
11239,11239,2026,23,23,0,0,0,2026-06-08
11239,11239,2026,24,24,0,0,0,2026-06-15
11239,11239,2026,25,25,0,0,0,2026-06-22
11239,11239,2026,26,26,0,0,0,2026-06-29
11239,11239,2026,27,27,0,0,0,2026-07-06
11239,11239,2026,28,28,0,0,0,2026-07-13
11239,11239,2026,29,29,0,0,0,2026-07-20
11239,11239,2026,30,30,0,0,0,2026-07-27
11239,11239,2026,31,31,0,0,0,2026-08-03
11239,11239,2026,32,32,0,0,0,2026-08-10
11239,11239,2026,33,33,0,0,0,2026-08-17
11249,11249,2026,22,22,0,0,0,2026-06-01
11249,11249,2026,23,23,0,0,0,2026-06-08
11249,11249,2026,24,24,0,0,0,2026-06-15
11249,11249,2026,25,25,0,0,0,2026-06-22
11249,11249,2026,26,26,0,0,0,2026-06-29
11249,11249,2026,27,27,0,0,0,2026-07-06
11249,11249,2026,28,28,0,0,0,2026-07-13
11249,11249,2026,29,29,0,0,0,2026-07-20
11249,11249,2026,30,30,0,0,0,2026-07-27
11249,11249,2026,31,31,0,0,0,2026-08-03
11249,11249,2026,32,32,0,0,0,2026-08-10
11249,11249,2026,33,33,0,0,0,2026-08-17
11251,11251,2026,22,22,0,0,0,2026-06-01
11251,11251,2026,23,23,0,0,0,2026-06-08
11251,11251,2026,24,24,0,0,0,2026-06-15
11251,11251,2026,25,25,0,0,0,2026-06-22
11251,11251,2026,26,26,0,0,0,2026-06-29
11251,11251,2026,27,27,0,0,0,2026-07-06
11251,11251,2026,28,28,0,0,0,2026-07-13
11251,11251,2026,29,29,0,0,0,2026-07-20
11251,11251,2026,30,30,0,0,0,2026-07-27
11251,11251,2026,31,31,0,0,0,2026-08-03
11251,11251,2026,32,32,0,0,0,2026-08-10
11251,11251,2026,33,33,0,0,0,2026-08-17
11354,11354,2026,22,22,0,0,0,2026-06-01
11354,11354,2026,23,23,0,0,0,2026-06-08
11354,11354,2026,24,24,0,0,0,2026-06-15
11354,11354,2026,25,25,0,0,0,2026-06-22
11354,11354,2026,26,26,0,0,0,2026-06-29
11354,11354,2026,27,27,0,0,0,2026-07-06
11354,11354,2026,28,28,1,1,1,2026-07-13
11354,11354,2026,29,29,1,1,1,2026-07-20
11354,11354,2026,30,30,0,0,0,2026-07-27
11354,11354,2026,31,31,0,0,0,2026-08-03
11354,11354,2026,32,32,0,0,0,2026-08-10
11354,11354,2026,33,33,0,0,0,2026-08-17
11355,11355,2026,22,22,0,0,0,2026-06-01
11355,11355,2026,23,23,0,0,0,2026-06-08
11355,11355,2026,24,24,0,0,0,2026-06-15
11355,11355,2026,25,25,0,0,0,2026-06-22
11355,11355,2026,26,26,0,0,0,2026-06-29
11355,11355,2026,27,27,0,0,0,2026-07-06
11355,11355,2026,28,28,1,1,1,2026-07-13
11355,11355,2026,29,29,1,1,1,2026-07-20
11355,11355,2026,30,30,2,2,1,2026-07-27
11355,11355,2026,31,31,0,0,0,2026-08-03
11355,11355,2026,32,32,0,0,0,2026-08-10
11355,11355,2026,33,33,0,0,0,2026-08-17
11356,11356,2026,22,22,0,0,0,2026-06-01
11356,11356,2026,23,23,0,0,0,2026-06-08
11356,11356,2026,24,24,0,0,0,2026-06-15
11356,11356,2026,25,25,0,0,0,2026-06-22
11356,11356,2026,26,26,0,0,0,2026-06-29
11356,11356,2026,27,27,2,2,1,2026-07-06
11356,11356,2026,28,28,2,2,1,2026-07-13
11356,11356,2026,29,29,2,2,1,2026-07-20
11356,11356,2026,30,30,3,3,1,2026-07-27
11356,11356,2026,31,31,1,1,1,2026-08-03
11356,11356,2026,32,32,1,1,1,2026-08-10
11356,11356,2026,33,33,1,1,1,2026-08-17
11357,11357,2026,22,22,0,0,0,2026-06-01
11357,11357,2026,23,23,0,0,0,2026-06-08
11357,11357,2026,24,24,0,0,0,2026-06-15
11357,11357,2026,25,25,0,0,0,2026-06-22
11357,11357,2026,26,26,0,0,0,2026-06-29
11357,11357,2026,27,27,0,0,0,2026-07-06
11357,11357,2026,28,28,2,2,1,2026-07-13
11357,11357,2026,29,29,1,1,1,2026-07-20
11357,11357,2026,30,30,2,2,1,2026-07-27
11357,11357,2026,31,31,0,0,0,2026-08-03
11357,11357,2026,32,32,0,0,0,2026-08-10
11357,11357,2026,33,33,0,0,0,2026-08-17
11358,11358,2026,22,22,0,0,0,2026-06-01
11358,11358,2026,23,23,0,0,0,2026-06-08
11358,11358,2026,24,24,0,0,0,2026-06-15
11358,11358,2026,25,25,0,0,0,2026-06-22
11358,11358,2026,26,26,0,0,0,2026-06-29
11358,11358,2026,27,27,1,1,1,2026-07-06
11358,11358,2026,28,28,1,1,1,2026-07-13
11358,11358,2026,29,29,1,1,1,2026-07-20
11358,11358,2026,30,30,0,0,0,2026-07-27
11358,11358,2026,31,31,0,0,0,2026-08-03
11358,11358,2026,32,32,0,0,0,2026-08-10
11358,11358,2026,33,33,0,0,0,2026-08-17
11359,11359,2026,22,22,0,0,0,2026-06-01
11359,11359,2026,23,23,0,0,0,2026-06-08
11359,11359,2026,24,24,0,0,0,2026-06-15
11359,11359,2026,25,25,0,0,0,2026-06-22
11359,11359,2026,26,26,0,0,0,2026-06-29
11359,11359,2026,27,27,0,0,0,2026-07-06
11359,11359,2026,28,28,0,0,0,2026-07-13
11359,11359,2026,29,29,0,0,0,2026-07-20
11359,11359,2026,30,30,0,0,0,2026-07-27
11359,11359,2026,31,31,0,0,0,2026-08-03
11359,11359,2026,32,32,0,0,0,2026-08-10
11359,11359,2026,33,33,0,0,0,2026-08-17
11360,11360,2026,22,22,0,0,0,2026-06-01
11360,11360,2026,23,23,0,0,0,2026-06-08
11360,11360,2026,24,24,0,0,0,2026-06-15
11360,11360,2026,25,25,0,0,0,2026-06-22
11360,11360,2026,26,26,1,1,1,2026-06-29
11360,11360,2026,27,27,1,1,1,2026-07-06
11360,11360,2026,28,28,1,1,1,2026-07-13
11360,11360,2026,29,29,1,1,1,2026-07-20
11360,11360,2026,30,30,1,1,1,2026-07-27
11360,11360,2026,31,31,1,1,1,2026-08-03
11360,11360,2026,32,32,1,1,1,2026-08-10
11360,11360,2026,33,33,1,1,1,2026-08-17
11361,11361,2026,22,22,0,0,0,2026-06-01
11361,11361,2026,23,23,0,0,0,2026-06-08
11361,11361,2026,24,24,0,0,0,2026-06-15
11361,11361,2026,25,25,0,0,0,2026-06-22
11361,11361,2026,26,26,0,0,0,2026-06-29
11361,11361,2026,27,27,1,1,1,2026-07-06
11361,11361,2026,28,28,2,2,1,2026-07-13
11361,11361,2026,29,29,2,2,1,2026-07-20
11361,11361,2026,30,30,0,0,0,2026-07-27
11361,11361,2026,31,31,2,2,1,2026-08-03
11361,11361,2026,32,32,0,0,0,2026-08-10
11361,11361,2026,33,33,0,0,0,2026-08-17
11362,11362,2026,22,22,0,0,0,2026-06-01
11362,11362,2026,23,23,0,0,0,2026-06-08
11362,11362,2026,24,24,0,0,0,2026-06-15
11362,11362,2026,25,25,0,0,0,2026-06-22
11362,11362,2026,26,26,0,0,0,2026-06-29
11362,11362,2026,27,27,1,1,1,2026-07-06
11362,11362,2026,28,28,1,1,1,2026-07-13
11362,11362,2026,29,29,1,1,1,2026-07-20
11362,11362,2026,30,30,1,1,1,2026-07-27
11362,11362,2026,31,31,3,3,1,2026-08-03
11362,11362,2026,32,32,1,1,1,2026-08-10
11362,11362,2026,33,33,1,1,1,2026-08-17
11363,11363,2026,22,22,0,0,0,2026-06-01
11363,11363,2026,23,23,0,0,0,2026-06-08
11363,11363,2026,24,24,0,0,0,2026-06-15
11363,11363,2026,25,25,0,0,0,2026-06-22
11363,11363,2026,26,26,0,0,0,2026-06-29
11363,11363,2026,27,27,0,0,0,2026-07-06
11363,11363,2026,28,28,1,1,1,2026-07-13
11363,11363,2026,29,29,1,1,1,2026-07-20
11363,11363,2026,30,30,0,0,0,2026-07-27
11363,11363,2026,31,31,0,0,0,2026-08-03
11363,11363,2026,32,32,0,0,0,2026-08-10
11363,11363,2026,33,33,0,0,0,2026-08-17
11364,11364,2026,22,22,0,0,0,2026-06-01
11364,11364,2026,23,23,0,0,0,2026-06-08
11364,11364,2026,24,24,0,0,0,2026-06-15
11364,11364,2026,25,25,0,0,0,2026-06-22
11364,11364,2026,26,26,1,1,1,2026-06-29
11364,11364,2026,27,27,1,1,1,2026-07-06
11364,11364,2026,28,28,1,1,1,2026-07-13
11364,11364,2026,29,29,2,2,1,2026-07-20
11364,11364,2026,30,30,0,0,0,2026-07-27
11364,11364,2026,31,31,0,0,0,2026-08-03
11364,11364,2026,32,32,0,0,0,2026-08-10
11364,11364,2026,33,33,0,0,0,2026-08-17
11365,11365,2026,22,22,0,0,0,2026-06-01
11365,11365,2026,23,23,0,0,0,2026-06-08
11365,11365,2026,24,24,0,0,0,2026-06-15
11365,11365,2026,25,25,0,0,0,2026-06-22
11365,11365,2026,26,26,1,1,1,2026-06-29
11365,11365,2026,27,27,2,2,1,2026-07-06
11365,11365,2026,28,28,2,2,1,2026-07-13
11365,11365,2026,29,29,1,1,1,2026-07-20
11365,11365,2026,30,30,1,1,1,2026-07-27
11365,11365,2026,31,31,1,1,1,2026-08-03
11365,11365,2026,32,32,1,1,1,2026-08-10
11365,11365,2026,33,33,1,1,1,2026-08-17
11366,11366,2026,22,22,0,0,0,2026-06-01
11366,11366,2026,23,23,0,0,0,2026-06-08
11366,11366,2026,24,24,0,0,0,2026-06-15
11366,11366,2026,25,25,0,0,0,2026-06-22
11366,11366,2026,26,26,0,0,0,2026-06-29
11366,11366,2026,27,27,0,0,0,2026-07-06
11366,11366,2026,28,28,0,0,0,2026-07-13
11366,11366,2026,29,29,0,0,0,2026-07-20
11366,11366,2026,30,30,0,0,0,2026-07-27
11366,11366,2026,31,31,0,0,0,2026-08-03
11366,11366,2026,32,32,0,0,0,2026-08-10
11366,11366,2026,33,33,0,0,0,2026-08-17
11367,11367,2026,22,22,0,0,0,2026-06-01
11367,11367,2026,23,23,0,0,0,2026-06-08
11367,11367,2026,24,24,0,0,0,2026-06-15
11367,11367,2026,25,25,0,0,0,2026-06-22
11367,11367,2026,26,26,0,0,0,2026-06-29
11367,11367,2026,27,27,0,0,0,2026-07-06
11367,11367,2026,28,28,1,1,1,2026-07-13
11367,11367,2026,29,29,1,1,1,2026-07-20
11367,11367,2026,30,30,1,1,1,2026-07-27
11367,11367,2026,31,31,0,0,0,2026-08-03
11367,11367,2026,32,32,0,0,0,2026-08-10
11367,11367,2026,33,33,0,0,0,2026-08-17
11368,11368,2026,22,22,0,0,0,2026-06-01
11368,11368,2026,23,23,0,0,0,2026-06-08
11368,11368,2026,24,24,1,1,1,2026-06-15
11368,11368,2026,25,25,0,0,0,2026-06-22
11368,11368,2026,26,26,0,0,0,2026-06-29
11368,11368,2026,27,27,1,1,1,2026-07-06
11368,11368,2026,28,28,1,1,1,2026-07-13
11368,11368,2026,29,29,1,1,1,2026-07-20
11368,11368,2026,30,30,1,1,1,2026-07-27
11368,11368,2026,31,31,1,1,1,2026-08-03
11368,11368,2026,32,32,1,1,1,2026-08-10
11368,11368,2026,33,33,1,1,1,2026-08-17
11369,11369,2026,22,22,0,0,0,2026-06-01
11369,11369,2026,23,23,0,0,0,2026-06-08
11369,11369,2026,24,24,0,0,0,2026-06-15
11369,11369,2026,25,25,0,0,0,2026-06-22
11369,11369,2026,26,26,0,0,0,2026-06-29
11369,11369,2026,27,27,0,0,0,2026-07-06
11369,11369,2026,28,28,0,0,0,2026-07-13
11369,11369,2026,29,29,0,0,0,2026-07-20
11369,11369,2026,30,30,0,0,0,2026-07-27
11369,11369,2026,31,31,0,0,0,2026-08-03
11369,11369,2026,32,32,0,0,0,2026-08-10
11369,11369,2026,33,33,0,0,0,2026-08-17
11370,11370,2026,22,22,0,0,0,2026-06-01
11370,11370,2026,23,23,0,0,0,2026-06-08
11370,11370,2026,24,24,0,0,0,2026-06-15
11370,11370,2026,25,25,0,0,0,2026-06-22
11370,11370,2026,26,26,0,0,0,2026-06-29
11370,11370,2026,27,27,0,0,0,2026-07-06
11370,11370,2026,28,28,0,0,0,2026-07-13
11370,11370,2026,29,29,0,0,0,2026-07-20
11370,11370,2026,30,30,0,0,0,2026-07-27
11370,11370,2026,31,31,1,1,1,2026-08-03
11370,11370,2026,32,32,1,1,1,2026-08-10
11370,11370,2026,33,33,0,0,0,2026-08-17
11371,11371,2026,22,22,0,0,0,2026-06-01
11371,11371,2026,23,23,0,0,0,2026-06-08
11371,11371,2026,24,24,0,0,0,2026-06-15
11371,11371,2026,25,25,0,0,0,2026-06-22
11371,11371,2026,26,26,0,0,0,2026-06-29
11371,11371,2026,27,27,0,0,0,2026-07-06
11371,11371,2026,28,28,0,0,0,2026-07-13
11371,11371,2026,29,29,0,0,0,2026-07-20
11371,11371,2026,30,30,0,0,0,2026-07-27
11371,11371,2026,31,31,0,0,0,2026-08-03
11371,11371,2026,32,32,0,0,0,2026-08-10
11371,11371,2026,33,33,0,0,0,2026-08-17
11372,11372,2026,22,22,0,0,0,2026-06-01
11372,11372,2026,23,23,0,0,0,2026-06-08
11372,11372,2026,24,24,0,0,0,2026-06-15
11372,11372,2026,25,25,0,0,0,2026-06-22
11372,11372,2026,26,26,0,0,0,2026-06-29
11372,11372,2026,27,27,0,0,0,2026-07-06
11372,11372,2026,28,28,0,0,0,2026-07-13
11372,11372,2026,29,29,0,0,0,2026-07-20
11372,11372,2026,30,30,0,0,0,2026-07-27
11372,11372,2026,31,31,0,0,0,2026-08-03
11372,11372,2026,32,32,0,0,0,2026-08-10
11372,11372,2026,33,33,0,0,0,2026-08-17
11373,11373,2026,22,22,0,0,0,2026-06-01
11373,11373,2026,23,23,0,0,0,2026-06-08
11373,11373,2026,24,24,0,0,0,2026-06-15
11373,11373,2026,25,25,0,0,0,2026-06-22
11373,11373,2026,26,26,0,0,0,2026-06-29
11373,11373,2026,27,27,0,0,0,2026-07-06
11373,11373,2026,28,28,0,0,0,2026-07-13
11373,11373,2026,29,29,0,0,0,2026-07-20
11373,11373,2026,30,30,0,0,0,2026-07-27
11373,11373,2026,31,31,0,0,0,2026-08-03
11373,11373,2026,32,32,0,0,0,2026-08-10
11373,11373,2026,33,33,0,0,0,2026-08-17
11374,11374,2026,22,22,0,0,0,2026-06-01
11374,11374,2026,23,23,0,0,0,2026-06-08
11374,11374,2026,24,24,0,0,0,2026-06-15
11374,11374,2026,25,25,0,0,0,2026-06-22
11374,11374,2026,26,26,0,0,0,2026-06-29
11374,11374,2026,27,27,1,1,1,2026-07-06
11374,11374,2026,28,28,1,1,1,2026-07-13
11374,11374,2026,29,29,1,1,1,2026-07-20
11374,11374,2026,30,30,1,1,1,2026-07-27
11374,11374,2026,31,31,0,0,0,2026-08-03
11374,11374,2026,32,32,0,0,0,2026-08-10
11374,11374,2026,33,33,0,0,0,2026-08-17
11375,11375,2026,22,22,0,0,0,2026-06-01
11375,11375,2026,23,23,0,0,0,2026-06-08
11375,11375,2026,24,24,0,0,0,2026-06-15
11375,11375,2026,25,25,0,0,0,2026-06-22
11375,11375,2026,26,26,0,0,0,2026-06-29
11375,11375,2026,27,27,0,0,0,2026-07-06
11375,11375,2026,28,28,1,1,1,2026-07-13
11375,11375,2026,29,29,1,1,1,2026-07-20
11375,11375,2026,30,30,1,1,1,2026-07-27
11375,11375,2026,31,31,0,0,0,2026-08-03
11375,11375,2026,32,32,0,0,0,2026-08-10
11375,11375,2026,33,33,0,0,0,2026-08-17
11377,11377,2026,22,22,0,0,0,2026-06-01
11377,11377,2026,23,23,0,0,0,2026-06-08
11377,11377,2026,24,24,0,0,0,2026-06-15
11377,11377,2026,25,25,0,0,0,2026-06-22
11377,11377,2026,26,26,0,0,0,2026-06-29
11377,11377,2026,27,27,0,0,0,2026-07-06
11377,11377,2026,28,28,1,1,1,2026-07-13
11377,11377,2026,29,29,2,2,1,2026-07-20
11377,11377,2026,30,30,2,2,1,2026-07-27
11377,11377,2026,31,31,1,1,1,2026-08-03
11377,11377,2026,32,32,1,1,1,2026-08-10
11377,11377,2026,33,33,0,0,0,2026-08-17
11378,11378,2026,22,22,0,0,0,2026-06-01
11378,11378,2026,23,23,0,0,0,2026-06-08
11378,11378,2026,24,24,0,0,0,2026-06-15
11378,11378,2026,25,25,0,0,0,2026-06-22
11378,11378,2026,26,26,0,0,0,2026-06-29
11378,11378,2026,27,27,1,1,1,2026-07-06
11378,11378,2026,28,28,1,1,1,2026-07-13
11378,11378,2026,29,29,1,1,1,2026-07-20
11378,11378,2026,30,30,1,1,1,2026-07-27
11378,11378,2026,31,31,0,0,0,2026-08-03
11378,11378,2026,32,32,2,2,1,2026-08-10
11378,11378,2026,33,33,0,0,0,2026-08-17
11379,11379,2026,22,22,0,0,0,2026-06-01
11379,11379,2026,23,23,0,0,0,2026-06-08
11379,11379,2026,24,24,0,0,0,2026-06-15
11379,11379,2026,25,25,0,0,0,2026-06-22
11379,11379,2026,26,26,1,1,1,2026-06-29
11379,11379,2026,27,27,1,1,1,2026-07-06
11379,11379,2026,28,28,1,1,1,2026-07-13
11379,11379,2026,29,29,2,2,1,2026-07-20
11379,11379,2026,30,30,2,2,1,2026-07-27
11379,11379,2026,31,31,1,1,1,2026-08-03
11379,11379,2026,32,32,2,2,1,2026-08-10
11379,11379,2026,33,33,0,0,0,2026-08-17
11385,11385,2026,22,22,0,0,0,2026-06-01
11385,11385,2026,23,23,0,0,0,2026-06-08
11385,11385,2026,24,24,0,0,0,2026-06-15
11385,11385,2026,25,25,0,0,0,2026-06-22
11385,11385,2026,26,26,0,0,0,2026-06-29
11385,11385,2026,27,27,0,0,0,2026-07-06
11385,11385,2026,28,28,1,1,1,2026-07-13
11385,11385,2026,29,29,1,1,1,2026-07-20
11385,11385,2026,30,30,1,1,1,2026-07-27
11385,11385,2026,31,31,0,0,0,2026-08-03
11385,11385,2026,32,32,0,0,0,2026-08-10
11385,11385,2026,33,33,0,0,0,2026-08-17
11411,11411,2026,22,22,0,0,0,2026-06-01
11411,11411,2026,23,23,0,0,0,2026-06-08
11411,11411,2026,24,24,0,0,0,2026-06-15
11411,11411,2026,25,25,0,0,0,2026-06-22
11411,11411,2026,26,26,0,0,0,2026-06-29
11411,11411,2026,27,27,0,0,0,2026-07-06
11411,11411,2026,28,28,0,0,0,2026-07-13
11411,11411,2026,29,29,0,0,0,2026-07-20
11411,11411,2026,30,30,0,0,0,2026-07-27
11411,11411,2026,31,31,0,0,0,2026-08-03
11411,11411,2026,32,32,0,0,0,2026-08-10
11411,11411,2026,33,33,0,0,0,2026-08-17
11412,11412,2026,22,22,0,0,0,2026-06-01
11412,11412,2026,23,23,0,0,0,2026-06-08
11412,11412,2026,24,24,0,0,0,2026-06-15
11412,11412,2026,25,25,0,0,0,2026-06-22
11412,11412,2026,26,26,0,0,0,2026-06-29
11412,11412,2026,27,27,0,0,0,2026-07-06
11412,11412,2026,28,28,0,0,0,2026-07-13
11412,11412,2026,29,29,0,0,0,2026-07-20
11412,11412,2026,30,30,0,0,0,2026-07-27
11412,11412,2026,31,31,0,0,0,2026-08-03
11412,11412,2026,32,32,0,0,0,2026-08-10
11412,11412,2026,33,33,0,0,0,2026-08-17
11413,11413,2026,22,22,0,0,0,2026-06-01
11413,11413,2026,23,23,0,0,0,2026-06-08
11413,11413,2026,24,24,0,0,0,2026-06-15
11413,11413,2026,25,25,0,0,0,2026-06-22
11413,11413,2026,26,26,0,0,0,2026-06-29
11413,11413,2026,27,27,0,0,0,2026-07-06
11413,11413,2026,28,28,1,1,1,2026-07-13
11413,11413,2026,29,29,1,1,1,2026-07-20
11413,11413,2026,30,30,2,2,1,2026-07-27
11413,11413,2026,31,31,1,1,1,2026-08-03
11413,11413,2026,32,32,2,2,1,2026-08-10
11413,11413,2026,33,33,1,1,1,2026-08-17
11414,11414,2026,22,22,0,0,0,2026-06-01
11414,11414,2026,23,23,0,0,0,2026-06-08
11414,11414,2026,24,24,0,0,0,2026-06-15
11414,11414,2026,25,25,0,0,0,2026-06-22
11414,11414,2026,26,26,0,0,0,2026-06-29
11414,11414,2026,27,27,0,0,0,2026-07-06
11414,11414,2026,28,28,1,1,1,2026-07-13
11414,11414,2026,29,29,1,1,1,2026-07-20
11414,11414,2026,30,30,1,1,1,2026-07-27
11414,11414,2026,31,31,1,1,1,2026-08-03
11414,11414,2026,32,32,1,1,1,2026-08-10
11414,11414,2026,33,33,0,0,0,2026-08-17
11415,11415,2026,22,22,0,0,0,2026-06-01
11415,11415,2026,23,23,0,0,0,2026-06-08
11415,11415,2026,24,24,0,0,0,2026-06-15
11415,11415,2026,25,25,0,0,0,2026-06-22
11415,11415,2026,26,26,1,1,1,2026-06-29
11415,11415,2026,27,27,1,1,1,2026-07-06
11415,11415,2026,28,28,1,1,1,2026-07-13
11415,11415,2026,29,29,1,1,1,2026-07-20
11415,11415,2026,30,30,1,1,1,2026-07-27
11415,11415,2026,31,31,1,1,1,2026-08-03
11415,11415,2026,32,32,1,1,1,2026-08-10
11415,11415,2026,33,33,0,0,0,2026-08-17
11416,11416,2026,22,22,0,0,0,2026-06-01
11416,11416,2026,23,23,0,0,0,2026-06-08
11416,11416,2026,24,24,0,0,0,2026-06-15
11416,11416,2026,25,25,0,0,0,2026-06-22
11416,11416,2026,26,26,0,0,0,2026-06-29
11416,11416,2026,27,27,0,0,0,2026-07-06
11416,11416,2026,28,28,0,0,0,2026-07-13
11416,11416,2026,29,29,0,0,0,2026-07-20
11416,11416,2026,30,30,0,0,0,2026-07-27
11416,11416,2026,31,31,0,0,0,2026-08-03
11416,11416,2026,32,32,0,0,0,2026-08-10
11416,11416,2026,33,33,0,0,0,2026-08-17
11417,11417,2026,22,22,0,0,0,2026-06-01
11417,11417,2026,23,23,0,0,0,2026-06-08
11417,11417,2026,24,24,0,0,0,2026-06-15
11417,11417,2026,25,25,0,0,0,2026-06-22
11417,11417,2026,26,26,0,0,0,2026-06-29
11417,11417,2026,27,27,0,0,0,2026-07-06
11417,11417,2026,28,28,0,0,0,2026-07-13
11417,11417,2026,29,29,1,1,1,2026-07-20
11417,11417,2026,30,30,1,1,1,2026-07-27
11417,11417,2026,31,31,1,1,1,2026-08-03
11417,11417,2026,32,32,1,1,1,2026-08-10
11417,11417,2026,33,33,0,0,0,2026-08-17
11418,11418,2026,22,22,0,0,0,2026-06-01
11418,11418,2026,23,23,0,0,0,2026-06-08
11418,11418,2026,24,24,0,0,0,2026-06-15
11418,11418,2026,25,25,0,0,0,2026-06-22
11418,11418,2026,26,26,0,0,0,2026-06-29
11418,11418,2026,27,27,0,0,0,2026-07-06
11418,11418,2026,28,28,1,1,1,2026-07-13
11418,11418,2026,29,29,1,1,1,2026-07-20
11418,11418,2026,30,30,1,1,1,2026-07-27
11418,11418,2026,31,31,0,0,0,2026-08-03
11418,11418,2026,32,32,0,0,0,2026-08-10
11418,11418,2026,33,33,0,0,0,2026-08-17
11419,11419,2026,22,22,0,0,0,2026-06-01
11419,11419,2026,23,23,0,0,0,2026-06-08
11419,11419,2026,24,24,0,0,0,2026-06-15
11419,11419,2026,25,25,0,0,0,2026-06-22
11419,11419,2026,26,26,0,0,0,2026-06-29
11419,11419,2026,27,27,0,0,0,2026-07-06
11419,11419,2026,28,28,0,0,0,2026-07-13
11419,11419,2026,29,29,0,0,0,2026-07-20
11419,11419,2026,30,30,0,0,0,2026-07-27
11419,11419,2026,31,31,0,0,0,2026-08-03
11419,11419,2026,32,32,0,0,0,2026-08-10
11419,11419,2026,33,33,0,0,0,2026-08-17
11420,11420,2026,22,22,0,0,0,2026-06-01
11420,11420,2026,23,23,0,0,0,2026-06-08
11420,11420,2026,24,24,0,0,0,2026-06-15
11420,11420,2026,25,25,0,0,0,2026-06-22
11420,11420,2026,26,26,0,0,0,2026-06-29
11420,11420,2026,27,27,0,0,0,2026-07-06
11420,11420,2026,28,28,0,0,0,2026-07-13
11420,11420,2026,29,29,1,1,1,2026-07-20
11420,11420,2026,30,30,1,1,1,2026-07-27
11420,11420,2026,31,31,2,2,1,2026-08-03
11420,11420,2026,32,32,2,2,1,2026-08-10
11420,11420,2026,33,33,0,0,0,2026-08-17
11421,11421,2026,22,22,0,0,0,2026-06-01
11421,11421,2026,23,23,0,0,0,2026-06-08
11421,11421,2026,24,24,0,0,0,2026-06-15
11421,11421,2026,25,25,0,0,0,2026-06-22
11421,11421,2026,26,26,0,0,0,2026-06-29
11421,11421,2026,27,27,1,1,1,2026-07-06
11421,11421,2026,28,28,1,1,1,2026-07-13
11421,11421,2026,29,29,1,1,1,2026-07-20
11421,11421,2026,30,30,2,2,1,2026-07-27
11421,11421,2026,31,31,1,1,1,2026-08-03
11421,11421,2026,32,32,1,1,1,2026-08-10
11421,11421,2026,33,33,0,0,0,2026-08-17
11422,11422,2026,22,22,0,0,0,2026-06-01
11422,11422,2026,23,23,0,0,0,2026-06-08
11422,11422,2026,24,24,0,0,0,2026-06-15
11422,11422,2026,25,25,0,0,0,2026-06-22
11422,11422,2026,26,26,0,0,0,2026-06-29
11422,11422,2026,27,27,1,1,1,2026-07-06
11422,11422,2026,28,28,1,1,1,2026-07-13
11422,11422,2026,29,29,1,1,1,2026-07-20
11422,11422,2026,30,30,2,2,1,2026-07-27
11422,11422,2026,31,31,1,1,1,2026-08-03
11422,11422,2026,32,32,2,2,1,2026-08-10
11422,11422,2026,33,33,2,2,1,2026-08-17
11423,11423,2026,22,22,0,0,0,2026-06-01
11423,11423,2026,23,23,0,0,0,2026-06-08
11423,11423,2026,24,24,1,1,1,2026-06-15
11423,11423,2026,25,25,1,1,1,2026-06-22
11423,11423,2026,26,26,1,1,1,2026-06-29
11423,11423,2026,27,27,1,1,1,2026-07-06
11423,11423,2026,28,28,1,1,1,2026-07-13
11423,11423,2026,29,29,1,1,1,2026-07-20
11423,11423,2026,30,30,1,1,1,2026-07-27
11423,11423,2026,31,31,1,1,1,2026-08-03
11423,11423,2026,32,32,1,1,1,2026-08-10
11423,11423,2026,33,33,1,1,1,2026-08-17
11426,11426,2026,22,22,0,0,0,2026-06-01
11426,11426,2026,23,23,0,0,0,2026-06-08
11426,11426,2026,24,24,0,0,0,2026-06-15
11426,11426,2026,25,25,1,1,1,2026-06-22
11426,11426,2026,26,26,0,0,0,2026-06-29
11426,11426,2026,27,27,1,1,1,2026-07-06
11426,11426,2026,28,28,1,1,1,2026-07-13
11426,11426,2026,29,29,1,1,1,2026-07-20
11426,11426,2026,30,30,1,1,1,2026-07-27
11426,11426,2026,31,31,1,1,1,2026-08-03
11426,11426,2026,32,32,0,0,0,2026-08-10
11426,11426,2026,33,33,1,1,1,2026-08-17
11427,11427,2026,22,22,0,0,0,2026-06-01
11427,11427,2026,23,23,0,0,0,2026-06-08
11427,11427,2026,24,24,0,0,0,2026-06-15
11427,11427,2026,25,25,0,0,0,2026-06-22
11427,11427,2026,26,26,0,0,0,2026-06-29
11427,11427,2026,27,27,0,0,0,2026-07-06
11427,11427,2026,28,28,0,0,0,2026-07-13
11427,11427,2026,29,29,0,0,0,2026-07-20
11427,11427,2026,30,30,0,0,0,2026-07-27
11427,11427,2026,31,31,1,1,1,2026-08-03
11427,11427,2026,32,32,0,0,0,2026-08-10
11427,11427,2026,33,33,0,0,0,2026-08-17
11428,11428,2026,22,22,0,0,0,2026-06-01
11428,11428,2026,23,23,0,0,0,2026-06-08
11428,11428,2026,24,24,0,0,0,2026-06-15
11428,11428,2026,25,25,0,0,0,2026-06-22
11428,11428,2026,26,26,0,0,0,2026-06-29
11428,11428,2026,27,27,0,0,0,2026-07-06
11428,11428,2026,28,28,0,0,0,2026-07-13
11428,11428,2026,29,29,0,0,0,2026-07-20
11428,11428,2026,30,30,0,0,0,2026-07-27
11428,11428,2026,31,31,0,0,0,2026-08-03
11428,11428,2026,32,32,0,0,0,2026-08-10
11428,11428,2026,33,33,0,0,0,2026-08-17
11429,11429,2026,22,22,0,0,0,2026-06-01
11429,11429,2026,23,23,0,0,0,2026-06-08
11429,11429,2026,24,24,0,0,0,2026-06-15
11429,11429,2026,25,25,0,0,0,2026-06-22
11429,11429,2026,26,26,0,0,0,2026-06-29
11429,11429,2026,27,27,0,0,0,2026-07-06
11429,11429,2026,28,28,0,0,0,2026-07-13
11429,11429,2026,29,29,0,0,0,2026-07-20
11429,11429,2026,30,30,0,0,0,2026-07-27
11429,11429,2026,31,31,0,0,0,2026-08-03
11429,11429,2026,32,32,0,0,0,2026-08-10
11429,11429,2026,33,33,0,0,0,2026-08-17
11430,11430,2026,22,22,0,0,0,2026-06-01
11430,11430,2026,23,23,0,0,0,2026-06-08
11430,11430,2026,24,24,0,0,0,2026-06-15
11430,11430,2026,25,25,0,0,0,2026-06-22
11430,11430,2026,26,26,0,0,0,2026-06-29
11430,11430,2026,27,27,0,0,0,2026-07-06
11430,11430,2026,28,28,0,0,0,2026-07-13
11430,11430,2026,29,29,0,0,0,2026-07-20
11430,11430,2026,30,30,0,0,0,2026-07-27
11430,11430,2026,31,31,0,0,0,2026-08-03
11430,11430,2026,32,32,0,0,0,2026-08-10
11430,11430,2026,33,33,0,0,0,2026-08-17
11432,11432,2026,22,22,0,0,0,2026-06-01
11432,11432,2026,23,23,0,0,0,2026-06-08
11432,11432,2026,24,24,0,0,0,2026-06-15
11432,11432,2026,25,25,0,0,0,2026-06-22
11432,11432,2026,26,26,0,0,0,2026-06-29
11432,11432,2026,27,27,0,0,0,2026-07-06
11432,11432,2026,28,28,1,1,1,2026-07-13
11432,11432,2026,29,29,1,1,1,2026-07-20
11432,11432,2026,30,30,1,1,1,2026-07-27
11432,11432,2026,31,31,0,0,0,2026-08-03
11432,11432,2026,32,32,0,0,0,2026-08-10
11432,11432,2026,33,33,0,0,0,2026-08-17
11433,11433,2026,22,22,0,0,0,2026-06-01
11433,11433,2026,23,23,0,0,0,2026-06-08
11433,11433,2026,24,24,0,0,0,2026-06-15
11433,11433,2026,25,25,0,0,0,2026-06-22
11433,11433,2026,26,26,0,0,0,2026-06-29
11433,11433,2026,27,27,0,0,0,2026-07-06
11433,11433,2026,28,28,0,0,0,2026-07-13
11433,11433,2026,29,29,1,1,1,2026-07-20
11433,11433,2026,30,30,1,1,1,2026-07-27
11433,11433,2026,31,31,1,1,1,2026-08-03
11433,11433,2026,32,32,1,1,1,2026-08-10
11433,11433,2026,33,33,1,1,1,2026-08-17
11434,11434,2026,22,22,0,0,0,2026-06-01
11434,11434,2026,23,23,0,0,0,2026-06-08
11434,11434,2026,24,24,0,0,0,2026-06-15
11434,11434,2026,25,25,0,0,0,2026-06-22
11434,11434,2026,26,26,0,0,0,2026-06-29
11434,11434,2026,27,27,1,1,1,2026-07-06
11434,11434,2026,28,28,2,2,1,2026-07-13
11434,11434,2026,29,29,1,1,1,2026-07-20
11434,11434,2026,30,30,2,2,1,2026-07-27
11434,11434,2026,31,31,2,2,1,2026-08-03
11434,11434,2026,32,32,2,2,1,2026-08-10
11434,11434,2026,33,33,2,2,1,2026-08-17
11435,11435,2026,22,22,0,0,0,2026-06-01
11435,11435,2026,23,23,0,0,0,2026-06-08
11435,11435,2026,24,24,0,0,0,2026-06-15
11435,11435,2026,25,25,0,0,0,2026-06-22
11435,11435,2026,26,26,0,0,0,2026-06-29
11435,11435,2026,27,27,0,0,0,2026-07-06
11435,11435,2026,28,28,1,1,1,2026-07-13
11435,11435,2026,29,29,0,0,0,2026-07-20
11435,11435,2026,30,30,1,1,1,2026-07-27
11435,11435,2026,31,31,1,1,1,2026-08-03
11435,11435,2026,32,32,0,0,0,2026-08-10
11435,11435,2026,33,33,0,0,0,2026-08-17
11436,11436,2026,22,22,0,0,0,2026-06-01
11436,11436,2026,23,23,0,0,0,2026-06-08
11436,11436,2026,24,24,0,0,0,2026-06-15
11436,11436,2026,25,25,0,0,0,2026-06-22
11436,11436,2026,26,26,0,0,0,2026-06-29
11436,11436,2026,27,27,0,0,0,2026-07-06
11436,11436,2026,28,28,1,1,1,2026-07-13
11436,11436,2026,29,29,1,1,1,2026-07-20
11436,11436,2026,30,30,1,1,1,2026-07-27
11436,11436,2026,31,31,1,1,1,2026-08-03
11436,11436,2026,32,32,1,1,1,2026-08-10
11436,11436,2026,33,33,1,1,1,2026-08-17
11451,11451,2026,22,22,0,0,0,2026-06-01
11451,11451,2026,23,23,0,0,0,2026-06-08
11451,11451,2026,24,24,0,0,0,2026-06-15
11451,11451,2026,25,25,0,0,0,2026-06-22
11451,11451,2026,26,26,0,0,0,2026-06-29
11451,11451,2026,27,27,0,0,0,2026-07-06
11451,11451,2026,28,28,0,0,0,2026-07-13
11451,11451,2026,29,29,0,0,0,2026-07-20
11451,11451,2026,30,30,0,0,0,2026-07-27
11451,11451,2026,31,31,0,0,0,2026-08-03
11451,11451,2026,32,32,0,0,0,2026-08-10
11451,11451,2026,33,33,0,0,0,2026-08-17
11691,11691,2026,22,22,0,0,0,2026-06-01
11691,11691,2026,23,23,0,0,0,2026-06-08
11691,11691,2026,24,24,0,0,0,2026-06-15
11691,11691,2026,25,25,0,0,0,2026-06-22
11691,11691,2026,26,26,0,0,0,2026-06-29
11691,11691,2026,27,27,0,0,0,2026-07-06
11691,11691,2026,28,28,0,0,0,2026-07-13
11691,11691,2026,29,29,0,0,0,2026-07-20
11691,11691,2026,30,30,1,1,1,2026-07-27
11691,11691,2026,31,31,1,1,1,2026-08-03
11691,11691,2026,32,32,1,1,1,2026-08-10
11691,11691,2026,33,33,1,1,1,2026-08-17
11692,11692,2026,22,22,0,0,0,2026-06-01
11692,11692,2026,23,23,0,0,0,2026-06-08
11692,11692,2026,24,24,0,0,0,2026-06-15
11692,11692,2026,25,25,0,0,0,2026-06-22
11692,11692,2026,26,26,0,0,0,2026-06-29
11692,11692,2026,27,27,0,0,0,2026-07-06
11692,11692,2026,28,28,0,0,0,2026-07-13
11692,11692,2026,29,29,0,0,0,2026-07-20
11692,11692,2026,30,30,0,0,0,2026-07-27
11692,11692,2026,31,31,0,0,0,2026-08-03
11692,11692,2026,32,32,1,1,1,2026-08-10
11692,11692,2026,33,33,1,1,1,2026-08-17
11693,11693,2026,22,22,0,0,0,2026-06-01
11693,11693,2026,23,23,0,0,0,2026-06-08
11693,11693,2026,24,24,0,0,0,2026-06-15
11693,11693,2026,25,25,0,0,0,2026-06-22
11693,11693,2026,26,26,0,0,0,2026-06-29
11693,11693,2026,27,27,0,0,0,2026-07-06
11693,11693,2026,28,28,0,0,0,2026-07-13
11693,11693,2026,29,29,0,0,0,2026-07-20
11693,11693,2026,30,30,0,0,0,2026-07-27
11693,11693,2026,31,31,0,0,0,2026-08-03
11693,11693,2026,32,32,0,0,0,2026-08-10
11693,11693,2026,33,33,0,0,0,2026-08-17
11694,11694,2026,22,22,0,0,0,2026-06-01
11694,11694,2026,23,23,0,0,0,2026-06-08
11694,11694,2026,24,24,0,0,0,2026-06-15
11694,11694,2026,25,25,0,0,0,2026-06-22
11694,11694,2026,26,26,0,0,0,2026-06-29
11694,11694,2026,27,27,0,0,0,2026-07-06
11694,11694,2026,28,28,0,0,0,2026-07-13
11694,11694,2026,29,29,0,0,0,2026-07-20
11694,11694,2026,30,30,0,0,0,2026-07-27
11694,11694,2026,31,31,0,0,0,2026-08-03
11694,11694,2026,32,32,0,0,0,2026-08-10
11694,11694,2026,33,33,0,0,0,2026-08-17
11697,11697,2026,22,22,0,0,0,2026-06-01
11697,11697,2026,23,23,0,0,0,2026-06-08
11697,11697,2026,24,24,0,0,0,2026-06-15
11697,11697,2026,25,25,0,0,0,2026-06-22
11697,11697,2026,26,26,0,0,0,2026-06-29
11697,11697,2026,27,27,0,0,0,2026-07-06
11697,11697,2026,28,28,0,0,0,2026-07-13
11697,11697,2026,29,29,0,0,0,2026-07-20
11697,11697,2026,30,30,0,0,0,2026-07-27
11697,11697,2026,31,31,0,0,0,2026-08-03
11697,11697,2026,32,32,0,0,0,2026-08-10
11697,11697,2026,33,33,0,0,0,2026-08-17
