zipcode,borough,week_of_year,week_sin,week_cos,latitude,longitude,temp_mean,temp_max,temp_min,humidity_mean,precip_sum,temp_mean_lag7,temp_mean_lag14,humidity_mean_lag7,precip_7d,precip_14d,degree_days_14d,positives_last_1w,positives_last_2_4w
00083,Manhattan,33,-0.7485,-0.6631,40.7829,-73.9654,23.54,28.04,19.72,78.2,38.8,24.843,25.786,67.857,24.1,62.9,177.5,1,3
10001,Manhattan,33,-0.7485,-0.6631,40.75065,-73.9973,23.76,28.42,19.92,78.2,43.3,25.2,26.143,66.857,31.5,74.8,183.4,0,0
10002,Manhattan,33,-0.7485,-0.6631,40.71597,-73.9869,23.76,28.42,19.92,78.2,43.3,25.2,26.143,66.857,31.5,74.8,183.4,1,2
10003,Manhattan,33,-0.7485,-0.6631,40.73186,-73.98912,23.76,28.42,19.92,78.2,43.3,25.2,26.143,66.857,31.5,74.8,183.4,0,0
10004,Manhattan,33,-0.7485,-0.6631,40.6898,-74.01739,23.78,28.42,19.92,78.2,43.3,25.2,26.157,66.857,31.5,74.8,183.6,0,0
10005,Manhattan,33,-0.7485,-0.6631,40.70622,-74.00869,23.76,28.42,19.92,78.2,43.3,25.2,26.143,66.857,31.5,74.8,183.4,0,0
10006,Manhattan,33,-0.7485,-0.6631,40.70949,-74.01305,23.76,28.42,19.92,78.2,43.3,25.2,26.143,66.857,31.5,74.8,183.4,0,1
10007,Manhattan,33,-0.7485,-0.6631,40.71387,-74.00787,23.76,28.42,19.92,78.2,43.3,25.2,26.143,66.857,31.5,74.8,183.4,0,0
10009,Manhattan,33,-0.7485,-0.6631,40.72639,-73.9786,23.76,28.42,19.92,78.2,43.3,25.2,26.143,66.857,31.5,74.8,183.4,0,0
10010,Manhattan,33,-0.7485,-0.6631,40.73904,-73.98262,23.76,28.42,19.92,78.2,43.3,25.2,26.143,66.857,31.5,74.8,183.4,0,0
10011,Manhattan,33,-0.7485,-0.6631,40.74184,-74.00053,23.76,28.42,19.92,78.2,43.3,25.2,26.143,66.857,31.5,74.8,183.4,1,1
10012,Manhattan,33,-0.7485,-0.6631,40.72563,-73.99794,23.76,28.42,19.92,78.2,43.3,25.2,26.143,66.857,31.5,74.8,183.4,0,0
10013,Manhattan,33,-0.7485,-0.6631,40.72005,-74.00481,23.76,28.42,19.92,78.2,43.3,25.2,26.143,66.857,31.5,74.8,183.4,0,0
10014,Manhattan,33,-0.7485,-0.6631,40.73414,-74.00603,23.76,28.42,19.92,78.2,43.3,25.2,26.143,66.857,31.5,74.8,183.4,0,0
10016,Manhattan,33,-0.7485,-0.6631,40.74518,-73.97805,23.76,28.42,19.92,78.2,43.3,25.2,26.143,66.857,31.5,74.8,183.4,0,0
10017,Manhattan,33,-0.7485,-0.6631,40.75239,-73.97268,23.72,28.46,19.96,78.8,49.2,25.371,26.3,65.714,26.7,75.9,185.6,0,0
10018,Manhattan,33,-0.7485,-0.6631,40.75533,-73.9927,23.54,28.04,19.72,78.2,38.8,24.843,25.786,67.857,24.1,62.9,177.5,0,0
10019,Manhattan,33,-0.7485,-0.6631,40.76573,-73.98507,23.54,28.04,19.72,78.2,38.8,24.843,25.786,67.857,24.1,62.9,177.5,0,0
10020,Manhattan,33,-0.7485,-0.6631,40.75917,-73.98072,23.54,28.04,19.72,78.2,38.8,24.843,25.786,67.857,24.1,62.9,177.5,0,0
10021,Manhattan,33,-0.7485,-0.6631,40.76964,-73.95902,23.72,28.46,19.96,78.8,49.2,25.371,26.3,65.714,26.7,75.9,185.6,0,0
10022,Manhattan,33,-0.7485,-0.6631,40.75857,-73.96793,23.72,28.46,19.96,78.8,49.2,25.371,26.3,65.714,26.7,75.9,185.6,0,0
10023,Manhattan,33,-0.7485,-0.6631,40.77457,-73.97902,23.54,28.04,19.72,78.2,38.8,24.843,25.786,67.857,24.1,62.9,177.5,0,0
10024,Manhattan,33,-0.7485,-0.6631,40.78566,-73.97127,23.54,28.04,19.72,78.2,38.8,24.843,25.786,67.857,24.1,62.9,177.5,0,0
10025,Manhattan,33,-0.7485,-0.6631,40.79825,-73.96834,23.54,28.04,19.72,78.2,38.8,24.843,25.786,67.857,24.1,62.9,177.5,1,4
10026,Manhattan,33,-0.7485,-0.6631,40.80298,-73.95353,23.56,28.0,19.9,78.8,43.8,25.4,26.3,64.0,20.3,64.1,185.0,0,0
10027,Manhattan,33,-0.7485,-0.6631,40.81266,-73.95498,23.56,28.0,19.9,78.8,43.8,25.4,26.3,64.0,20.3,64.1,185.0,1,2
10028,Manhattan,33,-0.7485,-0.6631,40.77645,-73.95338,23.72,28.46,19.96,78.8,49.2,25.371,26.3,65.714,26.7,75.9,185.6,0,0
10029,Manhattan,33,-0.7485,-0.6631,40.79225,-73.94733,23.56,28.0,19.9,78.8,43.8,25.4,26.3,64.0,20.3,64.1,185.0,0,0
10030,Manhattan,33,-0.7485,-0.6631,40.81825,-73.94283,23.56,28.0,19.9,78.8,43.8,25.4,26.3,64.0,20.3,64.1,185.0,0,0
10031,Manhattan,33,-0.7485,-0.6631,40.8248,-73.95021,23.56,28.0,19.9,78.8,43.8,25.4,26.3,64.0,20.3,64.1,185.0,1,0
10032,Manhattan,33,-0.7485,-0.6631,40.83904,-73.94281,23.56,28.0,19.9,78.8,43.8,25.4,26.3,64.0,20.3,64.1,185.0,1,1
10033,Manhattan,33,-0.7485,-0.6631,40.84748,-73.93551,23.56,28.0,19.9,78.8,43.8,25.4,26.3,64.0,20.3,64.1,185.0,1,0
10034,Manhattan,33,-0.7485,-0.6631,40.86708,-73.92431,23.48,27.98,19.8,77.8,37.3,25.1,26.043,64.571,21.9,59.2,180.9,0,0
10035,Manhattan,33,-0.7485,-0.6631,40.79525,-73.93042,23.56,28.0,19.9,78.8,43.8,25.4,26.3,64.0,20.3,64.1,185.0,0,0
10036,Manhattan,33,-0.7485,-0.6631,40.75979,-73.99068,23.54,28.04,19.72,78.2,38.8,24.843,25.786,67.857,24.1,62.9,177.5,0,0
10037,Manhattan,33,-0.7485,-0.6631,40.81303,-73.93771,23.56,28.0,19.9,78.8,43.8,25.4,26.3,64.0,20.3,64.1,185.0,0,0
10038,Manhattan,33,-0.7485,-0.6631,40.70926,-74.0029,23.76,28.42,19.92,78.2,43.3,25.2,26.143,66.857,31.5,74.8,183.4,0,0
10039,Manhattan,33,-0.7485,-0.6631,40.82629,-73.93753,23.56,28.0,19.9,78.8,43.8,25.4,26.3,64.0,20.3,64.1,185.0,0,0
10040,Manhattan,33,-0.7485,-0.6631,40.8581,-73.9296,23.48,27.98,19.8,77.8,37.3,25.1,26.043,64.571,21.9,59.2,180.9,0,0
10044,Manhattan,33,-0.7485,-0.6631,40.76191,-73.94997,23.72,28.46,19.96,78.8,49.2,25.371,26.3,65.714,26.7,75.9,185.6,0,0
10048,Manhattan,33,-0.7485,-0.6631,40.7831,-73.9712,23.54,28.04,19.72,78.2,38.8,24.843,25.786,67.857,24.1,62.9,177.5,0,0
10065,Manhattan,33,-0.7485,-0.6631,40.76469,-73.96326,23.72,28.46,19.96,78.8,49.2,25.371,26.3,65.714,26.7,75.9,185.6,0,0
10069,Manhattan,33,-0.7485,-0.6631,40.77738,-73.98883,23.54,28.04,19.72,78.2,38.8,24.843,25.786,67.857,24.1,62.9,177.5,0,0
10075,Manhattan,33,-0.7485,-0.6631,40.77341,-73.95629,23.72,28.46,19.96,78.8,49.2,25.371,26.3,65.714,26.7,75.9,185.6,0,0
10111,Manhattan,33,-0.7485,-0.6631,40.75953,-73.97858,23.54,28.04,19.72,78.2,38.8,24.843,25.786,67.857,24.1,62.9,177.5,0,0
10115,Manhattan,33,-0.7485,-0.6631,40.81085,-73.96374,23.54,28.04,19.72,78.2,38.8,24.843,25.786,67.857,24.1,62.9,177.5,0,0
10128,Manhattan,33,-0.7485,-0.6631,40.7815,-73.9502,23.72,28.46,19.96,78.8,49.2,25.371,26.3,65.714,26.7,75.9,185.6,0,0
10280,Manhattan,33,-0.7485,-0.6631,40.7097,-74.01659,23.76,28.42,19.92,78.2,43.3,25.2,26.143,66.857,31.5,74.8,183.4,0,0
10281,Manhattan,33,-0.7485,-0.6631,40.7831,-73.9712,23.54,28.04,19.72,78.2,38.8,24.843,25.786,67.857,24.1,62.9,177.5,0,0
10282,Manhattan,33,-0.7485,-0.6631,40.71638,-74.015,23.76,28.42,19.92,78.2,43.3,25.2,26.143,66.857,31.5,74.8,183.4,0,0
10301,Staten Island,33,-0.7485,-0.6631,40.6275,-74.09438,23.8,27.94,20.5,79.8,61.4,25.414,26.057,66.0,25.9,87.3,184.5,1,4
10302,Staten Island,33,-0.7485,-0.6631,40.63081,-74.13766,23.8,27.94,20.5,79.8,61.4,25.414,26.057,66.0,25.9,87.3,184.5,0,3
10303,Staten Island,33,-0.7485,-0.6631,40.62989,-74.17413,23.76,28.12,20.18,78.0,42.7,25.086,25.957,67.143,34.3,77.0,181.3,1,3
10304,Staten Island,33,-0.7485,-0.6631,40.60596,-74.09354,23.8,27.94,20.5,79.8,61.4,25.414,26.057,66.0,25.9,87.3,184.5,2,2
10305,Staten Island,33,-0.7485,-0.6631,40.59655,-74.07578,23.8,27.94,20.5,79.8,61.4,25.414,26.057,66.0,25.9,87.3,184.5,2,5
10306,Staten Island,33,-0.7485,-0.6631,40.57171,-74.12426,23.8,27.94,20.5,79.8,61.4,25.414,26.057,66.0,25.9,87.3,184.5,1,6
10307,Staten Island,33,-0.7485,-0.6631,40.50775,-74.24209,23.84,28.2,20.48,79.4,41.2,25.0,25.6,69.143,31.9,73.1,178.7,1,3
10308,Staten Island,33,-0.7485,-0.6631,40.55283,-74.15153,23.7,27.98,20.24,79.2,45.9,24.986,25.671,68.143,28.4,74.3,178.5,0,0
10309,Staten Island,33,-0.7485,-0.6631,40.52984,-74.21978,23.84,28.2,20.48,79.4,41.2,25.0,25.6,69.143,31.9,73.1,178.7,1,3
10310,Staten Island,33,-0.7485,-0.6631,40.63261,-74.11615,23.8,27.94,20.5,79.8,61.4,25.414,26.057,66.0,25.9,87.3,184.5,0,4
10312,Staten Island,33,-0.7485,-0.6631,40.54524,-74.18044,23.8,28.08,20.34,79.2,45.9,25.086,25.771,68.143,28.4,74.3,180.3,0,2
10314,Staten Island,33,-0.7485,-0.6631,40.6007,-74.16431,23.8,28.08,20.34,79.2,45.9,25.086,25.771,68.143,28.4,74.3,180.3,1,9
10451,Bronx,33,-0.7485,-0.6631,40.82217,-73.92262,23.56,28.0,19.9,78.8,43.8,25.4,26.3,64.0,20.3,64.1,185.0,0,0
10452,Bronx,33,-0.7485,-0.6631,40.83779,-73.92334,23.56,28.0,19.9,78.8,43.8,25.4,26.3,64.0,20.3,64.1,185.0,0,0
10453,Bronx,33,-0.7485,-0.6631,40.85251,-73.91329,23.56,28.0,19.9,78.8,43.8,25.4,26.3,64.0,20.3,64.1,185.0,0,0
10454,Bronx,33,-0.7485,-0.6631,40.80558,-73.9166,23.56,28.0,19.9,78.8,43.8,25.4,26.3,64.0,20.3,64.1,185.0,1,1
10455,Bronx,33,-0.7485,-0.6631,40.8148,-73.9086,23.56,28.0,19.9,78.8,43.8,25.4,26.3,64.0,20.3,64.1,185.0,0,0
10456,Bronx,33,-0.7485,-0.6631,40.83067,-73.90816,23.56,28.0,19.9,78.8,43.8,25.4,26.3,64.0,20.3,64.1,185.0,0,2
10457,Bronx,33,-0.7485,-0.6631,40.84571,-73.89792,23.48,27.98,19.8,77.8,37.3,25.1,26.043,64.571,21.9,59.2,180.9,1,2
10458,Bronx,33,-0.7485,-0.6631,40.86249,-73.88645,23.48,27.98,19.8,77.8,37.3,25.1,26.043,64.571,21.9,59.2,180.9,0,0
10459,Bronx,33,-0.7485,-0.6631,40.82569,-73.893,23.56,28.0,19.9,78.8,43.8,25.4,26.3,64.0,20.3,64.1,185.0,0,0
10460,Bronx,33,-0.7485,-0.6631,40.84234,-73.87906,23.56,28.0,19.9,78.8,43.8,25.4,26.3,64.0,20.3,64.1,185.0,0,1
10461,Bronx,33,-0.7485,-0.6631,40.84674,-73.84079,23.48,27.98,19.8,77.8,37.3,25.1,26.043,64.571,21.9,59.2,180.9,2,2
10462,Bronx,33,-0.7485,-0.6631,40.84327,-73.86042,23.48,27.98,19.8,77.8,37.3,25.1,26.043,64.571,21.9,59.2,180.9,1,0
10463,Bronx,33,-0.7485,-0.6631,40.88634,-73.90155,23.48,27.98,19.8,77.8,37.3,25.1,26.043,64.571,21.9,59.2,180.9,0,0
10464,Bronx,33,-0.7485,-0.6631,40.86959,-73.79585,23.62,28.08,19.9,77.8,37.3,25.257,26.157,64.571,21.9,59.2,183.4,1,3
10465,Bronx,33,-0.7485,-0.6631,40.82733,-73.82217,23.34,27.76,19.8,79.8,52.7,25.286,26.229,64.571,24.0,76.7,182.8,2,3
10466,Bronx,33,-0.7485,-0.6631,40.89096,-73.84624,23.48,27.98,19.8,77.8,37.3,25.1,26.043,64.571,21.9,59.2,180.9,0,0
10467,Bronx,33,-0.7485,-0.6631,40.87526,-73.87203,23.48,27.98,19.8,77.8,37.3,25.1,26.043,64.571,21.9,59.2,180.9,1,3
10468,Bronx,33,-0.7485,-0.6631,40.86894,-73.9,23.48,27.98,19.8,77.8,37.3,25.1,26.043,64.571,21.9,59.2,180.9,0,0
10469,Bronx,33,-0.7485,-0.6631,40.86851,-73.84669,23.48,27.98,19.8,77.8,37.3,25.1,26.043,64.571,21.9,59.2,180.9,1,2
10470,Bronx,33,-0.7485,-0.6631,40.88953,-73.87259,23.48,27.98,19.8,77.8,37.3,25.1,26.043,64.571,21.9,59.2,180.9,0,0
10471,Bronx,33,-0.7485,-0.6631,40.89998,-73.90675,23.48,27.98,19.8,77.8,37.3,25.1,26.043,64.571,21.9,59.2,180.9,1,2
10472,Bronx,33,-0.7485,-0.6631,40.82968,-73.86937,23.56,28.0,19.9,78.8,43.8,25.4,26.3,64.0,20.3,64.1,185.0,0,0
10473,Bronx,33,-0.7485,-0.6631,40.81869,-73.85847,23.56,28.0,19.9,78.8,43.8,25.4,26.3,64.0,20.3,64.1,185.0,1,3
10474,Bronx,33,-0.7485,-0.6631,40.81134,-73.88517,23.56,28.0,19.9,78.8,43.8,25.4,26.3,64.0,20.3,64.1,185.0,1,2
10475,Bronx,33,-0.7485,-0.6631,40.87564,-73.82693,23.48,27.98,19.8,77.8,37.3,25.1,26.043,64.571,21.9,59.2,180.9,1,1
11001,Queens,33,-0.7485,-0.6631,40.72332,-73.70495,23.28,27.5,19.76,81.2,74.1,25.371,25.971,63.571,29.7,103.8,181.5,0,0
11004,Queens,33,-0.7485,-0.6631,40.74619,-73.71151,23.28,27.5,19.76,81.2,74.1,25.371,25.971,63.571,29.7,103.8,181.5,0,1
11005,Queens,33,-0.7485,-0.6631,40.75664,-73.71424,23.28,27.5,19.76,81.2,74.1,25.371,25.971,63.571,29.7,103.8,181.5,0,1
11040,Queens,33,-0.7485,-0.6631,40.74535,-73.68029,23.28,27.5,19.76,81.2,74.1,25.371,25.971,63.571,29.7,103.8,181.5,0,0
11096,Queens,33,-0.7485,-0.6631,40.62135,-73.75699,23.58,27.24,20.32,81.0,74.3,25.214,26.157,66.286,22.4,96.7,182.9,0,0
11101,Queens,33,-0.7485,-0.6631,40.74711,-73.93971,23.72,28.46,19.96,78.8,49.2,25.371,26.3,65.714,26.7,75.9,185.6,1,4
11102,Queens,33,-0.7485,-0.6631,40.7716,-73.9256,23.72,28.46,19.96,78.8,49.2,25.371,26.3,65.714,26.7,75.9,185.6,0,0
11103,Queens,33,-0.7485,-0.6631,40.7626,-73.91328,23.72,28.46,19.96,78.8,49.2,25.371,26.3,65.714,26.7,75.9,185.6,0,0
11104,Queens,33,-0.7485,-0.6631,40.74484,-73.92047,23.72,28.46,19.96,78.8,49.2,25.371,26.3,65.714,26.7,75.9,185.6,0,0
11105,Queens,33,-0.7485,-0.6631,40.77909,-73.90652,23.56,28.0,19.9,78.8,43.8,25.4,26.3,64.0,20.3,64.1,185.0,1,2
11106,Queens,33,-0.7485,-0.6631,40.76221,-73.93153,23.72,28.46,19.96,78.8,49.2,25.371,26.3,65.714,26.7,75.9,185.6,0,0
11109,Queens,33,-0.7485,-0.6631,40.74662,-73.95701,23.72,28.46,19.96,78.8,49.2,25.371,26.3,65.714,26.7,75.9,185.6,0,0
11201,Brooklyn,33,-0.7485,-0.6631,40.6937,-73.98986,23.66,28.08,20.22,79.6,67.5,25.371,26.343,65.0,26.1,93.6,185.6,0,0
11203,Brooklyn,33,-0.7485,-0.6631,40.64957,-73.93433,23.66,28.08,20.22,79.6,67.5,25.371,26.343,65.0,26.1,93.6,185.6,1,1
11204,Brooklyn,33,-0.7485,-0.6631,40.61881,-73.98494,23.68,27.08,20.66,80.6,63.7,25.157,25.843,66.714,20.1,83.8,180.8,0,3
11205,Brooklyn,33,-0.7485,-0.6631,40.69689,-73.96807,23.66,28.08,20.22,79.6,67.5,25.371,26.343,65.0,26.1,93.6,185.6,0,0
11206,Brooklyn,33,-0.7485,-0.6631,40.70187,-73.94255,23.66,28.08,20.22,79.6,67.5,25.371,26.343,65.0,26.1,93.6,185.6,1,2
11207,Brooklyn,33,-0.7485,-0.6631,40.67016,-73.89383,23.66,28.08,20.22,79.6,67.5,25.371,26.343,65.0,26.1,93.6,185.6,1,2
11208,Brooklyn,33,-0.7485,-0.6631,40.67485,-73.87248,23.54,27.18,20.3,81.0,74.3,25.171,26.071,66.286,22.4,96.7,181.9,2,3
11209,Brooklyn,33,-0.7485,-0.6631,40.6218,-74.03015,23.6,27.7,20.26,79.8,61.4,25.2,25.843,65.857,25.9,87.3,180.7,0,2
11210,Brooklyn,33,-0.7485,-0.6631,40.62806,-73.94631,23.68,27.08,20.66,80.6,63.7,25.157,25.843,66.714,20.1,83.8,180.8,0,0
11211,Brooklyn,33,-0.7485,-0.6631,40.71408,-73.94517,23.66,28.08,20.22,79.6,67.5,25.371,26.343,65.0,26.1,93.6,185.6,0,0
11212,Brooklyn,33,-0.7485,-0.6631,40.66291,-73.91307,23.66,28.08,20.22,79.6,67.5,25.371,26.343,65.0,26.1,93.6,185.6,1,0
11213,Brooklyn,33,-0.7485,-0.6631,40.67115,-73.93627,23.66,28.08,20.22,79.6,67.5,25.371,26.343,65.0,26.1,93.6,185.6,0,0
11214,Brooklyn,33,-0.7485,-0.6631,40.59969,-73.99637,23.68,27.08,20.66,80.6,63.7,25.157,25.843,66.714,20.1,83.8,180.8,1,6
11215,Brooklyn,33,-0.7485,-0.6631,40.66269,-73.98674,23.66,28.08,20.22,79.6,67.5,25.371,26.343,65.0,26.1,93.6,185.6,1,5
11216,Brooklyn,33,-0.7485,-0.6631,40.68084,-73.94922,23.66,28.08,20.22,79.6,67.5,25.371,26.343,65.0,26.1,93.6,185.6,0,0
11217,Brooklyn,33,-0.7485,-0.6631,40.68167,-73.97853,23.66,28.08,20.22,79.6,67.5,25.371,26.343,65.0,26.1,93.6,185.6,0,0
11218,Brooklyn,33,-0.7485,-0.6631,40.64312,-73.97645,23.68,27.08,20.66,80.6,63.7,25.157,25.843,66.714,20.1,83.8,180.8,0,0
11219,Brooklyn,33,-0.7485,-0.6631,40.63262,-73.99677,23.68,27.08,20.66,80.6,63.7,25.157,25.843,66.714,20.1,83.8,180.8,1,5
11220,Brooklyn,33,-0.7485,-0.6631,40.64103,-74.01669,23.56,26.88,20.46,80.6,63.7,24.971,25.714,66.714,20.1,83.8,178.1,1,3
11221,Brooklyn,33,-0.7485,-0.6631,40.69143,-73.92763,23.66,28.08,20.22,79.6,67.5,25.371,26.343,65.0,26.1,93.6,185.6,1,1
11222,Brooklyn,33,-0.7485,-0.6631,40.72779,-73.9476,23.72,28.46,19.96,78.8,49.2,25.371,26.3,65.714,26.7,75.9,185.6,0,2
11223,Brooklyn,33,-0.7485,-0.6631,40.59709,-73.97347,23.68,27.08,20.66,80.6,63.7,25.157,25.843,66.714,20.1,83.8,180.8,0,3
11224,Brooklyn,33,-0.7485,-0.6631,40.57737,-73.98871,23.68,27.08,20.66,80.6,63.7,25.157,25.843,66.714,20.1,83.8,180.8,0,0
11225,Brooklyn,33,-0.7485,-0.6631,40.66312,-73.95387,23.66,28.08,20.22,79.6,67.5,25.371,26.343,65.0,26.1,93.6,185.6,0,0
11226,Brooklyn,33,-0.7485,-0.6631,40.64641,-73.95666,23.66,28.08,20.22,79.6,67.5,25.371,26.343,65.0,26.1,93.6,185.6,0,0
11228,Brooklyn,33,-0.7485,-0.6631,40.61673,-74.01343,23.68,27.08,20.66,80.6,63.7,25.157,25.843,66.714,20.1,83.8,180.8,1,3
11229,Brooklyn,33,-0.7485,-0.6631,40.60129,-73.94449,23.68,27.08,20.66,80.6,63.7,25.157,25.843,66.714,20.1,83.8,180.8,1,5
11230,Brooklyn,33,-0.7485,-0.6631,40.62209,-73.96519,23.68,27.08,20.66,80.6,63.7,25.157,25.843,66.714,20.1,83.8,180.8,0,0
11231,Brooklyn,33,-0.7485,-0.6631,40.67792,-74.00515,23.86,28.44,19.98,78.2,43.3,25.286,26.229,66.857,31.5,74.8,185.0,0,0
11232,Brooklyn,33,-0.7485,-0.6631,40.65654,-74.00518,23.74,28.08,20.22,79.6,67.5,25.4,26.357,65.0,26.1,93.6,186.2,1,3
11233,Brooklyn,33,-0.7485,-0.6631,40.6783,-73.91993,23.66,28.08,20.22,79.6,67.5,25.371,26.343,65.0,26.1,93.6,185.6,0,0
11234,Brooklyn,33,-0.7485,-0.6631,40.60772,-73.91065,23.68,27.08,20.66,80.6,63.7,25.157,25.843,66.714,20.1,83.8,180.8,2,6
11235,Brooklyn,33,-0.7485,-0.6631,40.58422,-73.94317,23.68,27.08,20.66,80.6,63.7,25.157,25.843,66.714,20.1,83.8,180.8,0,3
11236,Brooklyn,33,-0.7485,-0.6631,40.63941,-73.90066,23.66,28.08,20.22,79.6,67.5,25.371,26.343,65.0,26.1,93.6,185.6,1,3
11237,Brooklyn,33,-0.7485,-0.6631,40.70416,-73.92114,23.66,28.08,20.22,79.6,67.5,25.371,26.343,65.0,26.1,93.6,185.6,1,1
11238,Brooklyn,33,-0.7485,-0.6631,40.67133,-73.96594,23.66,28.08,20.22,79.6,67.5,25.371,26.343,65.0,26.1,93.6,185.6,1,3
11239,Brooklyn,33,-0.7485,-0.6631,40.64689,-73.86401,23.54,27.18,20.3,81.0,74.3,25.171,26.071,66.286,22.4,96.7,181.9,0,0
11249,Brooklyn,33,-0.7485,-0.6631,40.7045,-73.966,23.66,28.08,20.22,79.6,67.5,25.371,26.343,65.0,26.1,93.6,185.6,0,0
11251,Brooklyn,33,-0.7485,-0.6631,40.6782,-73.9442,23.66,28.08,20.22,79.6,67.5,25.371,26.343,65.0,26.1,93.6,185.6,0,0
11354,Queens,33,-0.7485,-0.6631,40.76821,-73.82739,23.46,27.92,19.94,80.0,69.1,25.486,26.414,63.429,23.6,92.7,186.0,0,1
11355,Queens,33,-0.7485,-0.6631,40.75144,-73.82123,23.46,27.92,19.94,80.0,69.1,25.486,26.414,63.429,23.6,92.7,186.0,0,3
11356,Queens,33,-0.7485,-0.6631,40.78487,-73.84153,23.56,28.0,19.9,78.8,43.8,25.4,26.3,64.0,20.3,64.1,185.0,1,6
11357,Queens,33,-0.7485,-0.6631,40.78513,-73.81004,23.34,27.76,19.8,79.8,52.7,25.286,26.229,64.571,24.0,76.7,182.8,0,3
11358,Queens,33,-0.7485,-0.6631,40.76036,-73.79653,23.46,27.92,19.94,80.0,69.1,25.486,26.414,63.429,23.6,92.7,186.0,0,1
11359,Queens,33,-0.7485,-0.6631,40.7916,-73.77672,23.34,27.76,19.8,79.8,52.7,25.286,26.229,64.571,24.0,76.7,182.8,0,0
11360,Queens,33,-0.7485,-0.6631,40.78042,-73.78184,23.34,27.76,19.8,79.8,52.7,25.286,26.229,64.571,24.0,76.7,182.8,1,3
11361,Queens,33,-0.7485,-0.6631,40.76419,-73.77277,23.46,27.92,19.94,80.0,69.1,25.486,26.414,63.429,23.6,92.7,186.0,0,4
11362,Queens,33,-0.7485,-0.6631,40.7602,-73.73242,23.34,27.76,19.8,79.8,52.7,25.286,26.229,64.571,24.0,76.7,182.8,1,5
11363,Queens,33,-0.7485,-0.6631,40.77235,-73.74629,23.34,27.76,19.8,79.8,52.7,25.286,26.229,64.571,24.0,76.7,182.8,0,1
11364,Queens,33,-0.7485,-0.6631,40.74625,-73.75606,23.46,27.92,19.94,80.0,69.1,25.486,26.414,63.429,23.6,92.7,186.0,0,2
11365,Queens,33,-0.7485,-0.6631,40.73963,-73.79449,23.46,27.92,19.94,80.0,69.1,25.486,26.414,63.429,23.6,92.7,186.0,1,3
11366,Queens,33,-0.7485,-0.6631,40.73112,-73.78046,23.46,27.92,19.94,80.0,69.1,25.486,26.414,63.429,23.6,92.7,186.0,0,0
11367,Queens,33,-0.7485,-0.6631,40.73047,-73.82275,23.46,27.92,19.94,80.0,69.1,25.486,26.414,63.429,23.6,92.7,186.0,0,2
11368,Queens,33,-0.7485,-0.6631,40.74974,-73.85304,23.46,27.92,19.94,80.0,69.1,25.486,26.414,63.429,23.6,92.7,186.0,1,3
11369,Queens,33,-0.7485,-0.6631,40.76349,-73.87222,23.72,28.46,19.96,78.8,49.2,25.371,26.3,65.714,26.7,75.9,185.6,0,0
11370,Queens,33,-0.7485,-0.6631,40.76539,-73.89422,23.56,28.0,19.9,78.8,43.8,25.4,26.3,64.0,20.3,64.1,185.0,1,1
11371,Queens,33,-0.7485,-0.6631,40.77441,-73.87327,23.56,28.0,19.9,78.8,43.8,25.4,26.3,64.0,20.3,64.1,185.0,0,0
11372,Queens,33,-0.7485,-0.6631,40.75172,-73.88367,23.72,28.46,19.96,78.8,49.2,25.371,26.3,65.714,26.7,75.9,185.6,0,0
11373,Queens,33,-0.7485,-0.6631,40.73895,-73.87856,23.72,28.46,19.96,78.8,49.2,25.371,26.3,65.714,26.7,75.9,185.6,0,0
11374,Queens,33,-0.7485,-0.6631,40.72646,-73.86146,23.72,28.46,19.96,78.8,49.2,25.371,26.3,65.714,26.7,75.9,185.6,0,2
11375,Queens,33,-0.7485,-0.6631,40.72297,-73.84318,23.46,27.92,19.94,80.0,69.1,25.486,26.414,63.429,23.6,92.7,186.0,0,2
11377,Queens,33,-0.7485,-0.6631,40.74477,-73.90516,23.72,28.46,19.96,78.8,49.2,25.371,26.3,65.714,26.7,75.9,185.6,1,5
11378,Queens,33,-0.7485,-0.6631,40.72474,-73.90964,23.72,28.46,19.96,78.8,49.2,25.371,26.3,65.714,26.7,75.9,185.6,2,2
11379,Queens,33,-0.7485,-0.6631,40.71706,-73.88052,23.72,28.46,19.96,78.8,49.2,25.371,26.3,65.714,26.7,75.9,185.6,2,5
11385,Queens,33,-0.7485,-0.6631,40.70065,-73.88942,23.72,28.46,19.96,78.8,49.2,25.371,26.3,65.714,26.7,75.9,185.6,0,2
11411,Queens,33,-0.7485,-0.6631,40.69406,-73.73627,23.56,26.92,20.28,80.6,79.7,25.1,25.657,66.857,22.2,101.9,178.8,0,0
11412,Queens,33,-0.7485,-0.6631,40.69802,-73.75908,23.46,27.92,19.94,80.0,69.1,25.486,26.414,63.429,23.6,92.7,186.0,0,0
11413,Queens,33,-0.7485,-0.6631,40.67117,-73.75206,23.54,27.18,20.3,81.0,74.3,25.171,26.071,66.286,22.4,96.7,181.9,2,4
11414,Queens,33,-0.7485,-0.6631,40.6576,-73.8448,23.54,27.18,20.3,81.0,74.3,25.171,26.071,66.286,22.4,96.7,181.9,1,3
11415,Queens,33,-0.7485,-0.6631,40.70808,-73.82804,23.54,27.18,20.3,81.0,74.3,25.171,26.071,66.286,22.4,96.7,181.9,1,3
11416,Queens,33,-0.7485,-0.6631,40.68459,-73.84971,23.54,27.18,20.3,81.0,74.3,25.171,26.071,66.286,22.4,96.7,181.9,0,0
11417,Queens,33,-0.7485,-0.6631,40.67641,-73.84459,23.54,27.18,20.3,81.0,74.3,25.171,26.071,66.286,22.4,96.7,181.9,1,3
11418,Queens,33,-0.7485,-0.6631,40.70032,-73.83602,23.54,27.18,20.3,81.0,74.3,25.171,26.071,66.286,22.4,96.7,181.9,0,2
11419,Queens,33,-0.7485,-0.6631,40.68861,-73.82306,23.54,27.18,20.3,81.0,74.3,25.171,26.071,66.286,22.4,96.7,181.9,0,0
11420,Queens,33,-0.7485,-0.6631,40.6735,-73.8177,23.54,27.18,20.3,81.0,74.3,25.171,26.071,66.286,22.4,96.7,181.9,2,4
11421,Queens,33,-0.7485,-0.6631,40.69403,-73.85866,23.54,27.18,20.3,81.0,74.3,25.171,26.071,66.286,22.4,96.7,181.9,1,4
11422,Queens,33,-0.7485,-0.6631,40.66079,-73.73757,23.56,26.92,20.28,80.6,79.7,25.1,25.657,66.857,22.2,101.9,178.8,2,4
11423,Queens,33,-0.7485,-0.6631,40.71567,-73.7683,23.46,27.92,19.94,80.0,69.1,25.486,26.414,63.429,23.6,92.7,186.0,1,3
11426,Queens,33,-0.7485,-0.6631,40.73641,-73.72236,23.28,27.5,19.76,81.2,74.1,25.371,25.971,63.571,29.7,103.8,181.5,0,3
11427,Queens,33,-0.7485,-0.6631,40.73094,-73.74572,23.46,27.92,19.94,80.0,69.1,25.486,26.414,63.429,23.6,92.7,186.0,0,1
11428,Queens,33,-0.7485,-0.6631,40.72099,-73.7422,23.46,27.92,19.94,80.0,69.1,25.486,26.414,63.429,23.6,92.7,186.0,0,0
11429,Queens,33,-0.7485,-0.6631,40.70956,-73.73848,23.46,27.92,19.94,80.0,69.1,25.486,26.414,63.429,23.6,92.7,186.0,0,0
11430,Queens,33,-0.7485,-0.6631,40.64697,-73.7873,23.54,27.18,20.3,81.0,74.3,25.171,26.071,66.286,22.4,96.7,181.9,0,0
11432,Queens,33,-0.7485,-0.6631,40.71493,-73.79296,23.46,27.92,19.94,80.0,69.1,25.486,26.414,63.429,23.6,92.7,186.0,0,2
11433,Queens,33,-0.7485,-0.6631,40.69809,-73.78675,23.54,27.18,20.3,81.0,74.3,25.171,26.071,66.286,22.4,96.7,181.9,1,3
11434,Queens,33,-0.7485,-0.6631,40.67786,-73.77707,23.54,27.18,20.3,81.0,74.3,25.171,26.071,66.286,22.4,96.7,181.9,2,5
11435,Queens,33,-0.7485,-0.6631,40.70108,-73.80964,23.54,27.18,20.3,81.0,74.3,25.171,26.071,66.286,22.4,96.7,181.9,0,2
11436,Queens,33,-0.7485,-0.6631,40.67586,-73.79665,23.54,27.18,20.3,81.0,74.3,25.171,26.071,66.286,22.4,96.7,181.9,1,3
11451,Queens,33,-0.7485,-0.6631,40.70119,-73.79578,23.54,27.18,20.3,81.0,74.3,25.171,26.071,66.286,22.4,96.7,181.9,0,0
11691,Queens,33,-0.7485,-0.6631,40.6021,-73.76179,23.54,27.18,20.3,81.0,74.3,25.171,26.1,66.286,22.4,96.7,182.0,1,2
11692,Queens,33,-0.7485,-0.6631,40.59415,-73.79199,23.56,27.18,20.3,81.0,74.3,25.214,26.129,66.286,22.4,96.7,182.6,1,0
11693,Queens,33,-0.7485,-0.6631,40.59166,-73.80967,23.56,27.18,20.3,81.0,74.3,25.214,26.129,66.286,22.4,96.7,182.6,0,0
11694,Queens,33,-0.7485,-0.6631,40.57531,-73.85124,23.56,27.18,20.3,81.0,74.3,25.214,26.143,66.286,22.4,96.7,182.7,0,0
11697,Queens,33,-0.7485,-0.6631,40.55713,-73.91372,23.68,27.08,20.66,80.6,63.7,25.157,25.843,66.714,20.1,83.8,180.8,0,0
