zipcode,borough,neighborhoods,detection_type,trap_date
00083,Manhattan,Central Park,Detected in the past 2 weeks,2026-07-23
00083,Manhattan,Central Park,Detected in the past 2 weeks,2026-07-30
00083,Manhattan,Central Park,Detected in the past 2 weeks,2026-08-07
00083,Manhattan,Central Park,Detected in the past 2 weeks,2026-08-14
10002,Manhattan,"Little Italy, Chinatown, Sara D. Roosevelt Park",Detected in the past 2 weeks,2026-07-30
10002,Manhattan,"Little Italy, Chinatown, Sara D. Roosevelt Park",Detected in the past 2 weeks,2026-08-06
10002,Manhattan,"Little Italy, Chinatown, Sara D. Roosevelt Park",Detected in the past 2 weeks,2026-08-15
10006,Manhattan,Financial District,Detected in the past 2 weeks,2026-08-07
10011,Manhattan,Greenwich Village,Detected in the past 2 weeks,2026-08-06
10011,Manhattan,Greenwich Village,Detected in the past 2 weeks,2026-08-14
10025,Manhattan,Manhattan Valley,Detected in the past 2 weeks,2026-07-16
10025,Manhattan,Manhattan Valley,Detected in the past 2 weeks,2026-07-23
10025,Manhattan,Manhattan Valley,Detected in the past 2 weeks,2026-07-30
10025,Manhattan,Manhattan Valley,Detected in the past 2 weeks,2026-08-06
10025,Manhattan,Manhattan Valley,Detected in the past 2 weeks,2026-08-07
10025,Manhattan,Manhattan Valley,Detected in the past 2 weeks,2026-08-13
10027,Manhattan,Harlem,Detected in the past 2 weeks,2026-07-30
10027,Manhattan,Harlem,Detected in the past 2 weeks,2026-08-07
10027,Manhattan,Harlem,Detected in the past 2 weeks,2026-08-13
10031,Manhattan,Manhattanville,Detected in the past 2 weeks,2026-08-13
10032,Manhattan,"Hamilton Heights, Washington Heights",Detected in the past 2 weeks,2026-08-06
10032,Manhattan,"Hamilton Heights, Washington Heights",Detected in the past 2 weeks,2026-08-13
10033,Manhattan,Washington Heights,Detected in the past 2 weeks,2026-08-14
10301,Staten Island,"Castleton Corners, Westerleigh, Silver Lake, Grymes Hill, Randall Manor",Detected in the past 2 weeks,2026-07-02
10301,Staten Island,"Castleton Corners, Westerleigh, Silver Lake, Grymes Hill, Randall Manor",Detected in the past 2 weeks,2026-07-10
10301,Staten Island,"Castleton Corners, Westerleigh, Silver Lake, Grymes Hill, Randall Manor",Detected in the past 2 weeks,2026-07-16
10301,Staten Island,"Castleton Corners, Westerleigh, Silver Lake, Grymes Hill, Randall Manor",Detected in the past 2 weeks,2026-07-23
10301,Staten Island,"Castleton Corners, Westerleigh, Silver Lake, Grymes Hill, Randall Manor",Detected in the past 2 weeks,2026-07-30
10301,Staten Island,"Castleton Corners, Westerleigh, Silver Lake, Grymes Hill, Randall Manor",Detected in the past 2 weeks,2026-07-31
10301,Staten Island,"Castleton Corners, Westerleigh, Silver Lake, Grymes Hill, Randall Manor",Detected in the past 2 weeks,2026-08-06
10301,Staten Island,"Castleton Corners, Westerleigh, Silver Lake, Grymes Hill, Randall Manor",Detected in the past 2 weeks,2026-08-13
10302,Staten Island,"Mariners Harbor, Port Richmond",Detected earlier this season,2026-07-16
10302,Staten Island,"Mariners Harbor, Port Richmond",Detected earlier this season,2026-07-23
10302,Staten Island,"Mariners Harbor, Port Richmond",Detected earlier this season,2026-08-03
10302,Staten Island,"Mariners Harbor, Port Richmond",Detected earlier this season,2026-08-05
10303,Staten Island,"Arlington, Graniteville, Mariners Harbor",Detected in the past 2 weeks,2026-06-25
10303,Staten Island,"Arlington, Graniteville, Mariners Harbor",Detected in the past 2 weeks,2026-07-09
10303,Staten Island,"Arlington, Graniteville, Mariners Harbor",Detected in the past 2 weeks,2026-07-16
10303,Staten Island,"Arlington, Graniteville, Mariners Harbor",Detected in the past 2 weeks,2026-07-18
10303,Staten Island,"Arlington, Graniteville, Mariners Harbor",Detected in the past 2 weeks,2026-07-23
10303,Staten Island,"Arlington, Graniteville, Mariners Harbor",Detected in the past 2 weeks,2026-07-30
10303,Staten Island,"Arlington, Graniteville, Mariners Harbor",Detected in the past 2 weeks,2026-08-03
10303,Staten Island,"Arlington, Graniteville, Mariners Harbor",Detected in the past 2 weeks,2026-08-13
10304,Staten Island,"Dongan Hills, Old town/Dongan Hills",Detected in the past 2 weeks,2026-07-20
10304,Staten Island,"Dongan Hills, Old town/Dongan Hills",Detected in the past 2 weeks,2026-08-05
10304,Staten Island,"Dongan Hills, Old town/Dongan Hills",Detected in the past 2 weeks,2026-08-10
10304,Staten Island,"Dongan Hills, Old town/Dongan Hills",Detected in the past 2 weeks,2026-08-12
10305,Staten Island,"South Beach, Old Town, Arrochar, Grasmere",Detected in the past 2 weeks,2026-07-06
10305,Staten Island,"South Beach, Old Town, Arrochar, Grasmere",Detected in the past 2 weeks,2026-07-13
10305,Staten Island,"South Beach, Old Town, Arrochar, Grasmere",Detected in the past 2 weeks,2026-07-20
10305,Staten Island,"South Beach, Old Town, Arrochar, Grasmere",Detected in the past 2 weeks,2026-07-21
10305,Staten Island,"South Beach, Old Town, Arrochar, Grasmere",Detected in the past 2 weeks,2026-07-27
10305,Staten Island,"South Beach, Old Town, Arrochar, Grasmere",Detected in the past 2 weeks,2026-08-03
10305,Staten Island,"South Beach, Old Town, Arrochar, Grasmere",Detected in the past 2 weeks,2026-08-05
10305,Staten Island,"South Beach, Old Town, Arrochar, Grasmere",Detected in the past 2 weeks,2026-08-10
10305,Staten Island,"South Beach, Old Town, Arrochar, Grasmere",Detected in the past 2 weeks,2026-08-12
10306,Staten Island,"Midland Beach, New Dorp Beach, Dongan Hills, Grant City, New Dorp, Oakwood",Detected in the past 2 weeks,2026-06-30
10306,Staten Island,"Midland Beach, New Dorp Beach, Dongan Hills, Grant City, New Dorp, Oakwood",Detected in the past 2 weeks,2026-07-06
10306,Staten Island,"Midland Beach, New Dorp Beach, Dongan Hills, Grant City, New Dorp, Oakwood",Detected in the past 2 weeks,2026-07-13
10306,Staten Island,"Midland Beach, New Dorp Beach, Dongan Hills, Grant City, New Dorp, Oakwood",Detected in the past 2 weeks,2026-07-20
10306,Staten Island,"Midland Beach, New Dorp Beach, Dongan Hills, Grant City, New Dorp, Oakwood",Detected in the past 2 weeks,2026-07-21
10306,Staten Island,"Midland Beach, New Dorp Beach, Dongan Hills, Grant City, New Dorp, Oakwood",Detected in the past 2 weeks,2026-07-27
10306,Staten Island,"Midland Beach, New Dorp Beach, Dongan Hills, Grant City, New Dorp, Oakwood",Detected in the past 2 weeks,2026-07-28
10306,Staten Island,"Midland Beach, New Dorp Beach, Dongan Hills, Grant City, New Dorp, Oakwood",Detected in the past 2 weeks,2026-08-03
10306,Staten Island,"Midland Beach, New Dorp Beach, Dongan Hills, Grant City, New Dorp, Oakwood",Detected in the past 2 weeks,2026-08-05
10306,Staten Island,"Midland Beach, New Dorp Beach, Dongan Hills, Grant City, New Dorp, Oakwood",Detected in the past 2 weeks,2026-08-10
10307,Staten Island,"Richmond Valley, Tottenville, Butler Manor",Detected in the past 2 weeks,2026-06-16
10307,Staten Island,"Richmond Valley, Tottenville, Butler Manor",Detected in the past 2 weeks,2026-06-22
10307,Staten Island,"Richmond Valley, Tottenville, Butler Manor",Detected in the past 2 weeks,2026-06-29
10307,Staten Island,"Richmond Valley, Tottenville, Butler Manor",Detected in the past 2 weeks,2026-07-06
10307,Staten Island,"Richmond Valley, Tottenville, Butler Manor",Detected in the past 2 weeks,2026-07-13
10307,Staten Island,"Richmond Valley, Tottenville, Butler Manor",Detected in the past 2 weeks,2026-07-21
10307,Staten Island,"Richmond Valley, Tottenville, Butler Manor",Detected in the past 2 weeks,2026-07-22
10307,Staten Island,"Richmond Valley, Tottenville, Butler Manor",Detected in the past 2 weeks,2026-08-03
10307,Staten Island,"Richmond Valley, Tottenville, Butler Manor",Detected in the past 2 weeks,2026-08-10
10307,Staten Island,"Richmond Valley, Tottenville, Butler Manor",Detected in the past 2 weeks,2026-08-17
10308,Staten Island,Great Kills,Detected earlier this season,2026-06-22
10308,Staten Island,Great Kills,Detected earlier this season,2026-06-29
10308,Staten Island,Great Kills,Detected earlier this season,2026-07-06
10308,Staten Island,Great Kills,Detected earlier this season,2026-07-07
10309,Staten Island,"Rossville, Pleasant Plains, Sandy Ground",Detected in the past 2 weeks,2026-06-18
10309,Staten Island,"Rossville, Pleasant Plains, Sandy Ground",Detected in the past 2 weeks,2026-06-22
10309,Staten Island,"Rossville, Pleasant Plains, Sandy Ground",Detected in the past 2 weeks,2026-06-29
10309,Staten Island,"Rossville, Pleasant Plains, Sandy Ground",Detected in the past 2 weeks,2026-07-02
10309,Staten Island,"Rossville, Pleasant Plains, Sandy Ground",Detected in the past 2 weeks,2026-07-06
10309,Staten Island,"Rossville, Pleasant Plains, Sandy Ground",Detected in the past 2 weeks,2026-07-09
10309,Staten Island,"Rossville, Pleasant Plains, Sandy Ground",Detected in the past 2 weeks,2026-07-16
10309,Staten Island,"Rossville, Pleasant Plains, Sandy Ground",Detected in the past 2 weeks,2026-07-22
10309,Staten Island,"Rossville, Pleasant Plains, Sandy Ground",Detected in the past 2 weeks,2026-07-30
10309,Staten Island,"Rossville, Pleasant Plains, Sandy Ground",Detected in the past 2 weeks,2026-08-06
10309,Staten Island,"Rossville, Pleasant Plains, Sandy Ground",Detected in the past 2 weeks,2026-08-13
10310,Staten Island,"Port Richmond, West Brighton",Detected earlier this season,2026-07-10
10310,Staten Island,"Port Richmond, West Brighton",Detected earlier this season,2026-07-16
10310,Staten Island,"Port Richmond, West Brighton",Detected earlier this season,2026-07-23
10310,Staten Island,"Port Richmond, West Brighton",Detected earlier this season,2026-07-24
10310,Staten Island,"Port Richmond, West Brighton",Detected earlier this season,2026-07-30
10310,Staten Island,"Port Richmond, West Brighton",Detected earlier this season,2026-08-06
10312,Staten Island,"Eltingville, Annadale, Greenridge, Arden Heights, Great Kills",Detected earlier this season,2026-06-16
10312,Staten Island,"Eltingville, Annadale, Greenridge, Arden Heights, Great Kills",Detected earlier this season,2026-06-22
10312,Staten Island,"Eltingville, Annadale, Greenridge, Arden Heights, Great Kills",Detected earlier this season,2026-06-25
10312,Staten Island,"Eltingville, Annadale, Greenridge, Arden Heights, Great Kills",Detected earlier this season,2026-06-29
10312,Staten Island,"Eltingville, Annadale, Greenridge, Arden Heights, Great Kills",Detected earlier this season,2026-07-02
10312,Staten Island,"Eltingville, Annadale, Greenridge, Arden Heights, Great Kills",Detected earlier this season,2026-07-06
10312,Staten Island,"Eltingville, Annadale, Greenridge, Arden Heights, Great Kills",Detected earlier this season,2026-07-09
10312,Staten Island,"Eltingville, Annadale, Greenridge, Arden Heights, Great Kills",Detected earlier this season,2026-07-10
10312,Staten Island,"Eltingville, Annadale, Greenridge, Arden Heights, Great Kills",Detected earlier this season,2026-07-13
10312,Staten Island,"Eltingville, Annadale, Greenridge, Arden Heights, Great Kills",Detected earlier this season,2026-07-21
10312,Staten Island,"Eltingville, Annadale, Greenridge, Arden Heights, Great Kills",Detected earlier this season,2026-07-22
10314,Staten Island,"Bloomfield, Greenridge, Bulls Head, Heartland Village, Willowbrook, Westerleigh, Chelsea, New Springville, Castleton Corners",Detected in the past 2 weeks,2026-06-18
10314,Staten Island,"Bloomfield, Greenridge, Bulls Head, Heartland Village, Willowbrook, Westerleigh, Chelsea, New Springville, Castleton Corners",Detected in the past 2 weeks,2026-06-23
10314,Staten Island,"Bloomfield, Greenridge, Bulls Head, Heartland Village, Willowbrook, Westerleigh, Chelsea, New Springville, Castleton Corners",Detected in the past 2 weeks,2026-06-25
10314,Staten Island,"Bloomfield, Greenridge, Bulls Head, Heartland Village, Willowbrook, Westerleigh, Chelsea, New Springville, Castleton Corners",Detected in the past 2 weeks,2026-06-30
10314,Staten Island,"Bloomfield, Greenridge, Bulls Head, Heartland Village, Willowbrook, Westerleigh, Chelsea, New Springville, Castleton Corners",Detected in the past 2 weeks,2026-07-02
10314,Staten Island,"Bloomfield, Greenridge, Bulls Head, Heartland Village, Willowbrook, Westerleigh, Chelsea, New Springville, Castleton Corners",Detected in the past 2 weeks,2026-07-06
10314,Staten Island,"Bloomfield, Greenridge, Bulls Head, Heartland Village, Willowbrook, Westerleigh, Chelsea, New Springville, Castleton Corners",Detected in the past 2 weeks,2026-07-07
10314,Staten Island,"Bloomfield, Greenridge, Bulls Head, Heartland Village, Willowbrook, Westerleigh, Chelsea, New Springville, Castleton Corners",Detected in the past 2 weeks,2026-07-09
10314,Staten Island,"Bloomfield, Greenridge, Bulls Head, Heartland Village, Willowbrook, Westerleigh, Chelsea, New Springville, Castleton Corners",Detected in the past 2 weeks,2026-07-10
10314,Staten Island,"Bloomfield, Greenridge, Bulls Head, Heartland Village, Willowbrook, Westerleigh, Chelsea, New Springville, Castleton Corners",Detected in the past 2 weeks,2026-07-13
10314,Staten Island,"Bloomfield, Greenridge, Bulls Head, Heartland Village, Willowbrook, Westerleigh, Chelsea, New Springville, Castleton Corners",Detected in the past 2 weeks,2026-07-14
10314,Staten Island,"Bloomfield, Greenridge, Bulls Head, Heartland Village, Willowbrook, Westerleigh, Chelsea, New Springville, Castleton Corners",Detected in the past 2 weeks,2026-07-16
10314,Staten Island,"Bloomfield, Greenridge, Bulls Head, Heartland Village, Willowbrook, Westerleigh, Chelsea, New Springville, Castleton Corners",Detected in the past 2 weeks,2026-07-18
10314,Staten Island,"Bloomfield, Greenridge, Bulls Head, Heartland Village, Willowbrook, Westerleigh, Chelsea, New Springville, Castleton Corners",Detected in the past 2 weeks,2026-07-20
10314,Staten Island,"Bloomfield, Greenridge, Bulls Head, Heartland Village, Willowbrook, Westerleigh, Chelsea, New Springville, Castleton Corners",Detected in the past 2 weeks,2026-07-21
10314,Staten Island,"Bloomfield, Greenridge, Bulls Head, Heartland Village, Willowbrook, Westerleigh, Chelsea, New Springville, Castleton Corners",Detected in the past 2 weeks,2026-07-23
10314,Staten Island,"Bloomfield, Greenridge, Bulls Head, Heartland Village, Willowbrook, Westerleigh, Chelsea, New Springville, Castleton Corners",Detected in the past 2 weeks,2026-07-27
10314,Staten Island,"Bloomfield, Greenridge, Bulls Head, Heartland Village, Willowbrook, Westerleigh, Chelsea, New Springville, Castleton Corners",Detected in the past 2 weeks,2026-07-28
10314,Staten Island,"Bloomfield, Greenridge, Bulls Head, Heartland Village, Willowbrook, Westerleigh, Chelsea, New Springville, Castleton Corners",Detected in the past 2 weeks,2026-07-30
10314,Staten Island,"Bloomfield, Greenridge, Bulls Head, Heartland Village, Willowbrook, Westerleigh, Chelsea, New Springville, Castleton Corners",Detected in the past 2 weeks,2026-08-03
10314,Staten Island,"Bloomfield, Greenridge, Bulls Head, Heartland Village, Willowbrook, Westerleigh, Chelsea, New Springville, Castleton Corners",Detected in the past 2 weeks,2026-08-05
10314,Staten Island,"Bloomfield, Greenridge, Bulls Head, Heartland Village, Willowbrook, Westerleigh, Chelsea, New Springville, Castleton Corners",Detected in the past 2 weeks,2026-08-06
10314,Staten Island,"Bloomfield, Greenridge, Bulls Head, Heartland Village, Willowbrook, Westerleigh, Chelsea, New Springville, Castleton Corners",Detected in the past 2 weeks,2026-08-13
10314,Staten Island,"Bloomfield, Greenridge, Bulls Head, Heartland Village, Willowbrook, Westerleigh, Chelsea, New Springville, Castleton Corners",Detected in the past 2 weeks,2026-08-17
10454,Bronx,Mott Haven,Detected in the past 2 weeks,2026-08-06
10454,Bronx,Mott Haven,Detected in the past 2 weeks,2026-08-13
10456,Bronx,Morrisania,Detected in the past 2 weeks,2026-08-03
10456,Bronx,Morrisania,Detected in the past 2 weeks,2026-08-06
10456,Bronx,Morrisania,Detected in the past 2 weeks,2026-08-18
10457,Bronx,"Claremont Village, East Tremont",Detected in the past 2 weeks,2026-07-27
10457,Bronx,"Claremont Village, East Tremont",Detected in the past 2 weeks,2026-08-03
10457,Bronx,"Claremont Village, East Tremont",Detected in the past 2 weeks,2026-08-11
10457,Bronx,"Claremont Village, East Tremont",Detected in the past 2 weeks,2026-08-18
10460,Bronx,Van Nest,Detected earlier this season,2026-08-03
10461,Bronx,"Morris Park, Middletown, Pelham Bay, Pelham Parkway",Detected in the past 2 weeks,2026-07-27
10461,Bronx,"Morris Park, Middletown, Pelham Bay, Pelham Parkway",Detected in the past 2 weeks,2026-08-03
10461,Bronx,"Morris Park, Middletown, Pelham Bay, Pelham Parkway",Detected in the past 2 weeks,2026-08-10
10461,Bronx,"Morris Park, Middletown, Pelham Bay, Pelham Parkway",Detected in the past 2 weeks,2026-08-11
10461,Bronx,"Morris Park, Middletown, Pelham Bay, Pelham Parkway",Detected in the past 2 weeks,2026-08-17
10461,Bronx,"Morris Park, Middletown, Pelham Bay, Pelham Parkway",Detected in the past 2 weeks,2026-08-18
10462,Bronx,Pelham Parkway,Detected in the past 2 weeks,2026-08-11
10462,Bronx,Pelham Parkway,Detected in the past 2 weeks,2026-08-18
10464,Bronx,Co-op City,Detected in the past 2 weeks,2026-07-07
10464,Bronx,Co-op City,Detected in the past 2 weeks,2026-07-13
10464,Bronx,Co-op City,Detected in the past 2 weeks,2026-07-20
10464,Bronx,Co-op City,Detected in the past 2 weeks,2026-07-28
10464,Bronx,Co-op City,Detected in the past 2 weeks,2026-08-04
10464,Bronx,Co-op City,Detected in the past 2 weeks,2026-08-10
10464,Bronx,Co-op City,Detected in the past 2 weeks,2026-08-17
10465,Bronx,"Spencer Estates, Throgs Neck, Schuylerville",Detected in the past 2 weeks,2026-07-07
10465,Bronx,"Spencer Estates, Throgs Neck, Schuylerville",Detected in the past 2 weeks,2026-07-14
10465,Bronx,"Spencer Estates, Throgs Neck, Schuylerville",Detected in the past 2 weeks,2026-07-20
10465,Bronx,"Spencer Estates, Throgs Neck, Schuylerville",Detected in the past 2 weeks,2026-07-28
10465,Bronx,"Spencer Estates, Throgs Neck, Schuylerville",Detected in the past 2 weeks,2026-08-04
10465,Bronx,"Spencer Estates, Throgs Neck, Schuylerville",Detected in the past 2 weeks,2026-08-10
10465,Bronx,"Spencer Estates, Throgs Neck, Schuylerville",Detected in the past 2 weeks,2026-08-11
10465,Bronx,"Spencer Estates, Throgs Neck, Schuylerville",Detected in the past 2 weeks,2026-08-18
10467,Bronx,"Woodlawn, Norwood",Detected in the past 2 weeks,2026-07-14
10467,Bronx,"Woodlawn, Norwood",Detected in the past 2 weeks,2026-07-21
10467,Bronx,"Woodlawn, Norwood",Detected in the past 2 weeks,2026-07-28
10467,Bronx,"Woodlawn, Norwood",Detected in the past 2 weeks,2026-08-04
10467,Bronx,"Woodlawn, Norwood",Detected in the past 2 weeks,2026-08-10
10467,Bronx,"Woodlawn, Norwood",Detected in the past 2 weeks,2026-08-17
10469,Bronx,Baychester,Detected in the past 2 weeks,2026-07-28
10469,Bronx,Baychester,Detected in the past 2 weeks,2026-08-03
10469,Bronx,Baychester,Detected in the past 2 weeks,2026-08-10
10469,Bronx,Baychester,Detected in the past 2 weeks,2026-08-17
10471,Bronx,"North Riverdale, Fieldston",Detected in the past 2 weeks,2026-07-07
10471,Bronx,"North Riverdale, Fieldston",Detected in the past 2 weeks,2026-08-03
10471,Bronx,"North Riverdale, Fieldston",Detected in the past 2 weeks,2026-08-04
10471,Bronx,"North Riverdale, Fieldston",Detected in the past 2 weeks,2026-08-10
10471,Bronx,"North Riverdale, Fieldston",Detected in the past 2 weeks,2026-08-17
10473,Bronx,"Clason Point, Harding Park, Castle Hill, Soundview",Detected in the past 2 weeks,2026-07-14
10473,Bronx,"Clason Point, Harding Park, Castle Hill, Soundview",Detected in the past 2 weeks,2026-07-21
10473,Bronx,"Clason Point, Harding Park, Castle Hill, Soundview",Detected in the past 2 weeks,2026-07-28
10473,Bronx,"Clason Point, Harding Park, Castle Hill, Soundview",Detected in the past 2 weeks,2026-08-04
10473,Bronx,"Clason Point, Harding Park, Castle Hill, Soundview",Detected in the past 2 weeks,2026-08-11
10473,Bronx,"Clason Point, Harding Park, Castle Hill, Soundview",Detected in the past 2 weeks,2026-08-18
10474,Bronx,Hunts Point,Detected in the past 2 weeks,2026-07-30
10474,Bronx,Hunts Point,Detected in the past 2 weeks,2026-08-07
10474,Bronx,Hunts Point,Detected in the past 2 weeks,2026-08-14
10475,Bronx,Co-op City,Detected in the past 2 weeks,2026-08-03
10475,Bronx,Co-op City,Detected in the past 2 weeks,2026-08-11
11004,Queens,Floral Park,Detected earlier this season,2026-07-20
11005,Queens,Little Neck,Detected earlier this season,2026-07-13
11005,Queens,Little Neck,Detected earlier this season,2026-07-20
11101,Queens,"Blissville, Dutch Kills",Detected in the past 2 weeks,2026-07-10
11101,Queens,"Blissville, Dutch Kills",Detected in the past 2 weeks,2026-07-18
11101,Queens,"Blissville, Dutch Kills",Detected in the past 2 weeks,2026-07-24
11101,Queens,"Blissville, Dutch Kills",Detected in the past 2 weeks,2026-07-25
11101,Queens,"Blissville, Dutch Kills",Detected in the past 2 weeks,2026-08-01
11101,Queens,"Blissville, Dutch Kills",Detected in the past 2 weeks,2026-08-07
11101,Queens,"Blissville, Dutch Kills",Detected in the past 2 weeks,2026-08-14
11105,Queens,Steinway,Detected in the past 2 weeks,2026-07-31
11105,Queens,Steinway,Detected in the past 2 weeks,2026-08-08
11105,Queens,Steinway,Detected in the past 2 weeks,2026-08-13
11203,Brooklyn,Prospect Lefferts Gardens,Detected in the past 2 weeks,2026-07-31
11203,Brooklyn,Prospect Lefferts Gardens,Detected in the past 2 weeks,2026-08-13
11204,Brooklyn,Bensonhurst,Detected earlier this season,2026-07-23
11204,Brooklyn,Bensonhurst,Detected earlier this season,2026-07-30
11204,Brooklyn,Bensonhurst,Detected earlier this season,2026-08-06
11206,Brooklyn,East Williamsburg,Detected in the past 2 weeks,2026-07-28
11206,Brooklyn,East Williamsburg,Detected in the past 2 weeks,2026-08-04
11206,Brooklyn,East Williamsburg,Detected in the past 2 weeks,2026-08-11
11206,Brooklyn,East Williamsburg,Detected in the past 2 weeks,2026-08-18
11207,Brooklyn,"New Lots, Broadway Junction",Detected in the past 2 weeks,2026-07-28
11207,Brooklyn,"New Lots, Broadway Junction",Detected in the past 2 weeks,2026-08-04
11207,Brooklyn,"New Lots, Broadway Junction",Detected in the past 2 weeks,2026-08-11
11207,Brooklyn,"New Lots, Broadway Junction",Detected in the past 2 weeks,2026-08-18
11208,Brooklyn,"Spring Creek, Cypress Hills",Detected in the past 2 weeks,2026-07-24
11208,Brooklyn,"Spring Creek, Cypress Hills",Detected in the past 2 weeks,2026-07-30
11208,Brooklyn,"Spring Creek, Cypress Hills",Detected in the past 2 weeks,2026-08-06
11208,Brooklyn,"Spring Creek, Cypress Hills",Detected in the past 2 weeks,2026-08-11
11208,Brooklyn,"Spring Creek, Cypress Hills",Detected in the past 2 weeks,2026-08-13
11209,Brooklyn,Bay Ridge,Detected earlier this season,2026-07-23
11209,Brooklyn,Bay Ridge,Detected earlier this season,2026-08-06
11212,Brooklyn,Brownsville,Detected in the past 2 weeks,2026-08-11
11214,Brooklyn,"Bath Beach, Bensonhurst",Detected in the past 2 weeks,2026-07-16
11214,Brooklyn,"Bath Beach, Bensonhurst",Detected in the past 2 weeks,2026-07-18
11214,Brooklyn,"Bath Beach, Bensonhurst",Detected in the past 2 weeks,2026-07-23
11214,Brooklyn,"Bath Beach, Bensonhurst",Detected in the past 2 weeks,2026-07-24
11214,Brooklyn,"Bath Beach, Bensonhurst",Detected in the past 2 weeks,2026-07-30
11214,Brooklyn,"Bath Beach, Bensonhurst",Detected in the past 2 weeks,2026-07-31
11214,Brooklyn,"Bath Beach, Bensonhurst",Detected in the past 2 weeks,2026-08-06
11214,Brooklyn,"Bath Beach, Bensonhurst",Detected in the past 2 weeks,2026-08-07
11214,Brooklyn,"Bath Beach, Bensonhurst",Detected in the past 2 weeks,2026-08-14
11215,Brooklyn,"Gowanus, Windsor Terrace",Detected in the past 2 weeks,2026-07-09
11215,Brooklyn,"Gowanus, Windsor Terrace",Detected in the past 2 weeks,2026-07-16
11215,Brooklyn,"Gowanus, Windsor Terrace",Detected in the past 2 weeks,2026-07-17
11215,Brooklyn,"Gowanus, Windsor Terrace",Detected in the past 2 weeks,2026-07-23
11215,Brooklyn,"Gowanus, Windsor Terrace",Detected in the past 2 weeks,2026-07-24
11215,Brooklyn,"Gowanus, Windsor Terrace",Detected in the past 2 weeks,2026-07-31
11215,Brooklyn,"Gowanus, Windsor Terrace",Detected in the past 2 weeks,2026-08-07
11215,Brooklyn,"Gowanus, Windsor Terrace",Detected in the past 2 weeks,2026-08-08
11215,Brooklyn,"Gowanus, Windsor Terrace",Detected in the past 2 weeks,2026-08-13
11219,Brooklyn,"Dyker Heights, Kensington",Detected in the past 2 weeks,2026-07-18
11219,Brooklyn,"Dyker Heights, Kensington",Detected in the past 2 weeks,2026-07-23
11219,Brooklyn,"Dyker Heights, Kensington",Detected in the past 2 weeks,2026-07-24
11219,Brooklyn,"Dyker Heights, Kensington",Detected in the past 2 weeks,2026-07-30
11219,Brooklyn,"Dyker Heights, Kensington",Detected in the past 2 weeks,2026-07-31
11219,Brooklyn,"Dyker Heights, Kensington",Detected in the past 2 weeks,2026-08-07
11219,Brooklyn,"Dyker Heights, Kensington",Detected in the past 2 weeks,2026-08-13
11220,Brooklyn,Sunset Park,Detected in the past 2 weeks,2026-07-24
11220,Brooklyn,Sunset Park,Detected in the past 2 weeks,2026-07-31
11220,Brooklyn,Sunset Park,Detected in the past 2 weeks,2026-08-07
11220,Brooklyn,Sunset Park,Detected in the past 2 weeks,2026-08-13
11221,Brooklyn,"Bedford Stuyvesant, Bushwick",Detected in the past 2 weeks,2026-08-04
11221,Brooklyn,"Bedford Stuyvesant, Bushwick",Detected in the past 2 weeks,2026-08-11
11221,Brooklyn,"Bedford Stuyvesant, Bushwick",Detected in the past 2 weeks,2026-08-18
11222,Brooklyn,Greenpoint,Detected earlier this season,2026-07-25
11222,Brooklyn,Greenpoint,Detected earlier this season,2026-08-01
11223,Brooklyn,Gravesend,Detected earlier this season,2026-07-17
11223,Brooklyn,Gravesend,Detected earlier this season,2026-07-23
11223,Brooklyn,Gravesend,Detected earlier this season,2026-07-30
11223,Brooklyn,Gravesend,Detected earlier this season,2026-08-06
11228,Brooklyn,Dyker Heights,Detected in the past 2 weeks,2026-07-10
11228,Brooklyn,Dyker Heights,Detected in the past 2 weeks,2026-07-17
11228,Brooklyn,Dyker Heights,Detected in the past 2 weeks,2026-07-24
11228,Brooklyn,Dyker Heights,Detected in the past 2 weeks,2026-07-30
11228,Brooklyn,Dyker Heights,Detected in the past 2 weeks,2026-08-07
11228,Brooklyn,Dyker Heights,Detected in the past 2 weeks,2026-08-14
11229,Brooklyn,"Homecrest, Marine Park",Detected in the past 2 weeks,2026-07-02
11229,Brooklyn,"Homecrest, Marine Park",Detected in the past 2 weeks,2026-07-09
11229,Brooklyn,"Homecrest, Marine Park",Detected in the past 2 weeks,2026-07-10
11229,Brooklyn,"Homecrest, Marine Park",Detected in the past 2 weeks,2026-07-23
11229,Brooklyn,"Homecrest, Marine Park",Detected in the past 2 weeks,2026-07-24
11229,Brooklyn,"Homecrest, Marine Park",Detected in the past 2 weeks,2026-07-30
11229,Brooklyn,"Homecrest, Marine Park",Detected in the past 2 weeks,2026-08-06
11229,Brooklyn,"Homecrest, Marine Park",Detected in the past 2 weeks,2026-08-07
11229,Brooklyn,"Homecrest, Marine Park",Detected in the past 2 weeks,2026-08-14
11232,Brooklyn,"Greenwood Heights, Greenwood Cemetery",Detected in the past 2 weeks,2026-07-02
11232,Brooklyn,"Greenwood Heights, Greenwood Cemetery",Detected in the past 2 weeks,2026-07-17
11232,Brooklyn,"Greenwood Heights, Greenwood Cemetery",Detected in the past 2 weeks,2026-07-24
11232,Brooklyn,"Greenwood Heights, Greenwood Cemetery",Detected in the past 2 weeks,2026-07-31
11232,Brooklyn,"Greenwood Heights, Greenwood Cemetery",Detected in the past 2 weeks,2026-08-08
11232,Brooklyn,"Greenwood Heights, Greenwood Cemetery",Detected in the past 2 weeks,2026-08-13
11234,Brooklyn,"Bergen Beach, Marine Park, Flatlands, Mill Basin",Detected in the past 2 weeks,2026-07-02
11234,Brooklyn,"Bergen Beach, Marine Park, Flatlands, Mill Basin",Detected in the past 2 weeks,2026-07-09
11234,Brooklyn,"Bergen Beach, Marine Park, Flatlands, Mill Basin",Detected in the past 2 weeks,2026-07-16
11234,Brooklyn,"Bergen Beach, Marine Park, Flatlands, Mill Basin",Detected in the past 2 weeks,2026-07-17
11234,Brooklyn,"Bergen Beach, Marine Park, Flatlands, Mill Basin",Detected in the past 2 weeks,2026-07-23
11234,Brooklyn,"Bergen Beach, Marine Park, Flatlands, Mill Basin",Detected in the past 2 weeks,2026-07-24
11234,Brooklyn,"Bergen Beach, Marine Park, Flatlands, Mill Basin",Detected in the past 2 weeks,2026-07-30
11234,Brooklyn,"Bergen Beach, Marine Park, Flatlands, Mill Basin",Detected in the past 2 weeks,2026-07-31
11234,Brooklyn,"Bergen Beach, Marine Park, Flatlands, Mill Basin",Detected in the past 2 weeks,2026-08-06
11234,Brooklyn,"Bergen Beach, Marine Park, Flatlands, Mill Basin",Detected in the past 2 weeks,2026-08-07
11234,Brooklyn,"Bergen Beach, Marine Park, Flatlands, Mill Basin",Detected in the past 2 weeks,2026-08-13
11234,Brooklyn,"Bergen Beach, Marine Park, Flatlands, Mill Basin",Detected in the past 2 weeks,2026-08-14
11235,Brooklyn,"Sheeps Head Bay, Brighton Beach",Detected in the past 2 weeks,2026-07-09
11235,Brooklyn,"Sheeps Head Bay, Brighton Beach",Detected in the past 2 weeks,2026-07-17
11235,Brooklyn,"Sheeps Head Bay, Brighton Beach",Detected in the past 2 weeks,2026-07-23
11235,Brooklyn,"Sheeps Head Bay, Brighton Beach",Detected in the past 2 weeks,2026-07-30
11235,Brooklyn,"Sheeps Head Bay, Brighton Beach",Detected in the past 2 weeks,2026-08-07
11236,Brooklyn,"Starrett City, Canarsie, Remsen Village",Detected in the past 2 weeks,2026-07-14
11236,Brooklyn,"Starrett City, Canarsie, Remsen Village",Detected in the past 2 weeks,2026-07-21
11236,Brooklyn,"Starrett City, Canarsie, Remsen Village",Detected in the past 2 weeks,2026-07-28
11236,Brooklyn,"Starrett City, Canarsie, Remsen Village",Detected in the past 2 weeks,2026-08-04
11236,Brooklyn,"Starrett City, Canarsie, Remsen Village",Detected in the past 2 weeks,2026-08-11
11236,Brooklyn,"Starrett City, Canarsie, Remsen Village",Detected in the past 2 weeks,2026-08-17
11237,Brooklyn,East Williamsburg,Detected in the past 2 weeks,2026-08-04
11237,Brooklyn,East Williamsburg,Detected in the past 2 weeks,2026-08-11
11237,Brooklyn,East Williamsburg,Detected in the past 2 weeks,2026-08-18
11238,Brooklyn,Prospect Heights,Detected in the past 2 weeks,2026-07-18
11238,Brooklyn,Prospect Heights,Detected in the past 2 weeks,2026-07-23
11238,Brooklyn,Prospect Heights,Detected in the past 2 weeks,2026-07-31
11238,Brooklyn,Prospect Heights,Detected in the past 2 weeks,2026-08-07
11238,Brooklyn,Prospect Heights,Detected in the past 2 weeks,2026-08-13
11354,Queens,"Flushing, College Point",Detected earlier this season,2026-07-14
11354,Queens,"Flushing, College Point",Detected earlier this season,2026-07-21
11355,Queens,"Queensboro Hill, Downtown Flushing, Murray Hills",Detected earlier this season,2026-07-14
11355,Queens,"Queensboro Hill, Downtown Flushing, Murray Hills",Detected earlier this season,2026-07-21
11355,Queens,"Queensboro Hill, Downtown Flushing, Murray Hills",Detected earlier this season,2026-07-27
11355,Queens,"Queensboro Hill, Downtown Flushing, Murray Hills",Detected earlier this season,2026-07-29
11356,Queens,"College Point, Malba",Detected in the past 2 weeks,2026-07-06
11356,Queens,"College Point, Malba",Detected in the past 2 weeks,2026-07-10
11356,Queens,"College Point, Malba",Detected in the past 2 weeks,2026-07-14
11356,Queens,"College Point, Malba",Detected in the past 2 weeks,2026-07-16
11356,Queens,"College Point, Malba",Detected in the past 2 weeks,2026-07-21
11356,Queens,"College Point, Malba",Detected in the past 2 weeks,2026-07-23
11356,Queens,"College Point, Malba",Detected in the past 2 weeks,2026-07-28
11356,Queens,"College Point, Malba",Detected in the past 2 weeks,2026-07-29
11356,Queens,"College Point, Malba",Detected in the past 2 weeks,2026-07-31
11356,Queens,"College Point, Malba",Detected in the past 2 weeks,2026-08-03
11356,Queens,"College Point, Malba",Detected in the past 2 weeks,2026-08-10
11356,Queens,"College Point, Malba",Detected in the past 2 weeks,2026-08-17
11357,Queens,"Beechhurst, Whitestone, Malba",Detected earlier this season,2026-07-14
11357,Queens,"Beechhurst, Whitestone, Malba",Detected earlier this season,2026-07-16
11357,Queens,"Beechhurst, Whitestone, Malba",Detected earlier this season,2026-07-21
11357,Queens,"Beechhurst, Whitestone, Malba",Detected earlier this season,2026-07-29
11357,Queens,"Beechhurst, Whitestone, Malba",Detected earlier this season,2026-07-31
11358,Queens,Auburndale,Detected earlier this season,2026-07-06
11358,Queens,Auburndale,Detected earlier this season,2026-07-14
11358,Queens,Auburndale,Detected earlier this season,2026-07-21
11360,Queens,Bay Terrace,Detected in the past 2 weeks,2026-06-30
11360,Queens,Bay Terrace,Detected in the past 2 weeks,2026-07-06
11360,Queens,Bay Terrace,Detected in the past 2 weeks,2026-07-14
11360,Queens,Bay Terrace,Detected in the past 2 weeks,2026-07-21
11360,Queens,Bay Terrace,Detected in the past 2 weeks,2026-07-28
11360,Queens,Bay Terrace,Detected in the past 2 weeks,2026-08-03
11360,Queens,Bay Terrace,Detected in the past 2 weeks,2026-08-10
11360,Queens,Bay Terrace,Detected in the past 2 weeks,2026-08-17
11361,Queens,Bayside,Detected in the past 2 weeks,2026-07-06
11361,Queens,Bayside,Detected in the past 2 weeks,2026-07-13
11361,Queens,Bayside,Detected in the past 2 weeks,2026-07-14
11361,Queens,Bayside,Detected in the past 2 weeks,2026-07-20
11361,Queens,Bayside,Detected in the past 2 weeks,2026-07-21
11361,Queens,Bayside,Detected in the past 2 weeks,2026-08-05
11361,Queens,Bayside,Detected in the past 2 weeks,2026-08-07
11362,Queens,Douglaston,Detected in the past 2 weeks,2026-07-06
11362,Queens,Douglaston,Detected in the past 2 weeks,2026-07-13
11362,Queens,Douglaston,Detected in the past 2 weeks,2026-07-20
11362,Queens,Douglaston,Detected in the past 2 weeks,2026-07-28
11362,Queens,Douglaston,Detected in the past 2 weeks,2026-08-04
11362,Queens,Douglaston,Detected in the past 2 weeks,2026-08-05
11362,Queens,Douglaston,Detected in the past 2 weeks,2026-08-07
11362,Queens,Douglaston,Detected in the past 2 weeks,2026-08-10
11362,Queens,Douglaston,Detected in the past 2 weeks,2026-08-17
11363,Queens,Douglas Manor,Detected earlier this season,2026-07-13
11363,Queens,Douglas Manor,Detected earlier this season,2026-07-20
11364,Queens,Oakland Gardens,Detected earlier this season,2026-07-02
11364,Queens,Oakland Gardens,Detected earlier this season,2026-07-09
11364,Queens,Oakland Gardens,Detected earlier this season,2026-07-15
11364,Queens,Oakland Gardens,Detected earlier this season,2026-07-20
11364,Queens,Oakland Gardens,Detected earlier this season,2026-07-21
11365,Queens,"Fresh Meadows, Pomonok, Auburndale",Detected in the past 2 weeks,2026-07-02
11365,Queens,"Fresh Meadows, Pomonok, Auburndale",Detected in the past 2 weeks,2026-07-06
11365,Queens,"Fresh Meadows, Pomonok, Auburndale",Detected in the past 2 weeks,2026-07-09
11365,Queens,"Fresh Meadows, Pomonok, Auburndale",Detected in the past 2 weeks,2026-07-14
11365,Queens,"Fresh Meadows, Pomonok, Auburndale",Detected in the past 2 weeks,2026-07-15
11365,Queens,"Fresh Meadows, Pomonok, Auburndale",Detected in the past 2 weeks,2026-07-21
11365,Queens,"Fresh Meadows, Pomonok, Auburndale",Detected in the past 2 weeks,2026-07-27
11365,Queens,"Fresh Meadows, Pomonok, Auburndale",Detected in the past 2 weeks,2026-08-03
11365,Queens,"Fresh Meadows, Pomonok, Auburndale",Detected in the past 2 weeks,2026-08-10
11365,Queens,"Fresh Meadows, Pomonok, Auburndale",Detected in the past 2 weeks,2026-08-17
11367,Queens,"Kew Gardens Hills, Queensboro Hill",Detected earlier this season,2026-07-14
11367,Queens,"Kew Gardens Hills, Queensboro Hill",Detected earlier this season,2026-07-21
11367,Queens,"Kew Gardens Hills, Queensboro Hill",Detected earlier this season,2026-07-27
11368,Queens,"Queensboro Hill, Corona",Detected in the past 2 weeks,2026-06-16
11368,Queens,"Queensboro Hill, Corona",Detected in the past 2 weeks,2026-07-06
11368,Queens,"Queensboro Hill, Corona",Detected in the past 2 weeks,2026-07-14
11368,Queens,"Queensboro Hill, Corona",Detected in the past 2 weeks,2026-07-21
11368,Queens,"Queensboro Hill, Corona",Detected in the past 2 weeks,2026-07-27
11368,Queens,"Queensboro Hill, Corona",Detected in the past 2 weeks,2026-08-03
11368,Queens,"Queensboro Hill, Corona",Detected in the past 2 weeks,2026-08-10
11368,Queens,"Queensboro Hill, Corona",Detected in the past 2 weeks,2026-08-17
11370,Queens,Astoria Heights,Detected in the past 2 weeks,2026-08-08
11370,Queens,Astoria Heights,Detected in the past 2 weeks,2026-08-13
11374,Queens,Rego Park,Detected earlier this season,2026-07-09
11374,Queens,Rego Park,Detected earlier this season,2026-07-18
11374,Queens,Rego Park,Detected earlier this season,2026-07-25
11374,Queens,Rego Park,Detected earlier this season,2026-08-01
11375,Queens,Forest Hills Gardens,Detected earlier this season,2026-07-16
11375,Queens,Forest Hills Gardens,Detected earlier this season,2026-07-23
11375,Queens,Forest Hills Gardens,Detected earlier this season,2026-07-30
11377,Queens,"Maspeth, Astoria Heights, Sunnyside Gardens",Detected in the past 2 weeks,2026-07-18
11377,Queens,"Maspeth, Astoria Heights, Sunnyside Gardens",Detected in the past 2 weeks,2026-07-24
11377,Queens,"Maspeth, Astoria Heights, Sunnyside Gardens",Detected in the past 2 weeks,2026-07-25
11377,Queens,"Maspeth, Astoria Heights, Sunnyside Gardens",Detected in the past 2 weeks,2026-07-30
11377,Queens,"Maspeth, Astoria Heights, Sunnyside Gardens",Detected in the past 2 weeks,2026-08-01
11377,Queens,"Maspeth, Astoria Heights, Sunnyside Gardens",Detected in the past 2 weeks,2026-08-07
11377,Queens,"Maspeth, Astoria Heights, Sunnyside Gardens",Detected in the past 2 weeks,2026-08-13
11378,Queens,Maspeth,Detected in the past 2 weeks,2026-07-09
11378,Queens,Maspeth,Detected in the past 2 weeks,2026-07-17
11378,Queens,Maspeth,Detected in the past 2 weeks,2026-07-25
11378,Queens,Maspeth,Detected in the past 2 weeks,2026-07-31
11378,Queens,Maspeth,Detected in the past 2 weeks,2026-08-12
11378,Queens,Maspeth,Detected in the past 2 weeks,2026-08-14
11379,Queens,Middle Village,Detected in the past 2 weeks,2026-07-02
11379,Queens,Middle Village,Detected in the past 2 weeks,2026-07-09
11379,Queens,Middle Village,Detected in the past 2 weeks,2026-07-18
11379,Queens,Middle Village,Detected in the past 2 weeks,2026-07-24
11379,Queens,Middle Village,Detected in the past 2 weeks,2026-07-25
11379,Queens,Middle Village,Detected in the past 2 weeks,2026-07-31
11379,Queens,Middle Village,Detected in the past 2 weeks,2026-08-01
11379,Queens,Middle Village,Detected in the past 2 weeks,2026-08-07
11379,Queens,Middle Village,Detected in the past 2 weeks,2026-08-12
11379,Queens,Middle Village,Detected in the past 2 weeks,2026-08-14
11385,Queens,Glendale,Detected earlier this season,2026-07-16
11385,Queens,Glendale,Detected earlier this season,2026-07-23
11385,Queens,Glendale,Detected earlier this season,2026-07-30
11413,Queens,"Brookville, Laurelton",Detected in the past 2 weeks,2026-07-14
11413,Queens,"Brookville, Laurelton",Detected in the past 2 weeks,2026-07-20
11413,Queens,"Brookville, Laurelton",Detected in the past 2 weeks,2026-07-27
11413,Queens,"Brookville, Laurelton",Detected in the past 2 weeks,2026-07-28
11413,Queens,"Brookville, Laurelton",Detected in the past 2 weeks,2026-08-04
11413,Queens,"Brookville, Laurelton",Detected in the past 2 weeks,2026-08-10
11413,Queens,"Brookville, Laurelton",Detected in the past 2 weeks,2026-08-11
11413,Queens,"Brookville, Laurelton",Detected in the past 2 weeks,2026-08-17
11414,Queens,Howard Beach,Detected in the past 2 weeks,2026-07-16
11414,Queens,Howard Beach,Detected in the past 2 weeks,2026-07-23
11414,Queens,Howard Beach,Detected in the past 2 weeks,2026-07-30
11414,Queens,Howard Beach,Detected in the past 2 weeks,2026-08-06
11414,Queens,Howard Beach,Detected in the past 2 weeks,2026-08-13
11415,Queens,kew Gardens,Detected in the past 2 weeks,2026-07-02
11415,Queens,kew Gardens,Detected in the past 2 weeks,2026-07-10
11415,Queens,kew Gardens,Detected in the past 2 weeks,2026-07-16
11415,Queens,kew Gardens,Detected in the past 2 weeks,2026-07-23
11415,Queens,kew Gardens,Detected in the past 2 weeks,2026-07-31
11415,Queens,kew Gardens,Detected in the past 2 weeks,2026-08-06
11415,Queens,kew Gardens,Detected in the past 2 weeks,2026-08-12
11417,Queens,Ozone Park,Detected in the past 2 weeks,2026-07-24
11417,Queens,Ozone Park,Detected in the past 2 weeks,2026-07-31
11417,Queens,Ozone Park,Detected in the past 2 weeks,2026-08-06
11417,Queens,Ozone Park,Detected in the past 2 weeks,2026-08-13
11418,Queens,kew Gardens,Detected earlier this season,2026-07-16
11418,Queens,kew Gardens,Detected earlier this season,2026-07-23
11418,Queens,kew Gardens,Detected earlier this season,2026-07-30
11420,Queens,"Ozone Park, South Ozone Park",Detected in the past 2 weeks,2026-07-24
11420,Queens,"Ozone Park, South Ozone Park",Detected in the past 2 weeks,2026-07-31
11420,Queens,"Ozone Park, South Ozone Park",Detected in the past 2 weeks,2026-08-04
11420,Queens,"Ozone Park, South Ozone Park",Detected in the past 2 weeks,2026-08-06
11420,Queens,"Ozone Park, South Ozone Park",Detected in the past 2 weeks,2026-08-10
11420,Queens,"Ozone Park, South Ozone Park",Detected in the past 2 weeks,2026-08-13
11421,Queens,Woodhaven,Detected in the past 2 weeks,2026-07-09
11421,Queens,Woodhaven,Detected in the past 2 weeks,2026-07-16
11421,Queens,Woodhaven,Detected in the past 2 weeks,2026-07-23
11421,Queens,Woodhaven,Detected in the past 2 weeks,2026-07-30
11421,Queens,Woodhaven,Detected in the past 2 weeks,2026-07-31
11421,Queens,Woodhaven,Detected in the past 2 weeks,2026-08-06
11421,Queens,Woodhaven,Detected in the past 2 weeks,2026-08-14
11422,Queens,"Laurelton, Rosedale",Detected in the past 2 weeks,2026-07-07
11422,Queens,"Laurelton, Rosedale",Detected in the past 2 weeks,2026-07-13
11422,Queens,"Laurelton, Rosedale",Detected in the past 2 weeks,2026-07-20
11422,Queens,"Laurelton, Rosedale",Detected in the past 2 weeks,2026-07-27
11422,Queens,"Laurelton, Rosedale",Detected in the past 2 weeks,2026-07-28
11422,Queens,"Laurelton, Rosedale",Detected in the past 2 weeks,2026-08-04
11422,Queens,"Laurelton, Rosedale",Detected in the past 2 weeks,2026-08-10
11422,Queens,"Laurelton, Rosedale",Detected in the past 2 weeks,2026-08-11
11422,Queens,"Laurelton, Rosedale",Detected in the past 2 weeks,2026-08-17
11422,Queens,"Laurelton, Rosedale",Detected in the past 2 weeks,2026-08-18
11423,Queens,Holliswood,Detected in the past 2 weeks,2026-06-18
11423,Queens,Holliswood,Detected in the past 2 weeks,2026-06-25
11423,Queens,Holliswood,Detected in the past 2 weeks,2026-07-02
11423,Queens,Holliswood,Detected in the past 2 weeks,2026-07-09
11423,Queens,Holliswood,Detected in the past 2 weeks,2026-07-15
11423,Queens,Holliswood,Detected in the past 2 weeks,2026-07-21
11423,Queens,Holliswood,Detected in the past 2 weeks,2026-07-28
11423,Queens,Holliswood,Detected in the past 2 weeks,2026-08-04
11423,Queens,Holliswood,Detected in the past 2 weeks,2026-08-10
11423,Queens,Holliswood,Detected in the past 2 weeks,2026-08-17
11426,Queens,"Glen Oaks, Bellaire",Detected in the past 2 weeks,2026-06-22
11426,Queens,"Glen Oaks, Bellaire",Detected in the past 2 weeks,2026-07-06
11426,Queens,"Glen Oaks, Bellaire",Detected in the past 2 weeks,2026-07-15
11426,Queens,"Glen Oaks, Bellaire",Detected in the past 2 weeks,2026-07-20
11426,Queens,"Glen Oaks, Bellaire",Detected in the past 2 weeks,2026-07-27
11426,Queens,"Glen Oaks, Bellaire",Detected in the past 2 weeks,2026-08-04
11426,Queens,"Glen Oaks, Bellaire",Detected in the past 2 weeks,2026-08-17
11427,Queens,Holliswood,Detected earlier this season,2026-08-05
11432,Queens,Jamaica Hills,Detected earlier this season,2026-07-16
11432,Queens,Jamaica Hills,Detected earlier this season,2026-07-23
11432,Queens,Jamaica Hills,Detected earlier this season,2026-07-30
11433,Queens,South Jamaica,Detected in the past 2 weeks,2026-07-20
11433,Queens,South Jamaica,Detected in the past 2 weeks,2026-07-27
11433,Queens,South Jamaica,Detected in the past 2 weeks,2026-08-04
11433,Queens,South Jamaica,Detected in the past 2 weeks,2026-08-10
11433,Queens,South Jamaica,Detected in the past 2 weeks,2026-08-17
11434,Queens,Rochdale,Detected in the past 2 weeks,2026-07-07
11434,Queens,Rochdale,Detected in the past 2 weeks,2026-07-13
11434,Queens,Rochdale,Detected in the past 2 weeks,2026-07-14
11434,Queens,Rochdale,Detected in the past 2 weeks,2026-07-20
11434,Queens,Rochdale,Detected in the past 2 weeks,2026-07-27
11434,Queens,Rochdale,Detected in the past 2 weeks,2026-07-28
11434,Queens,Rochdale,Detected in the past 2 weeks,2026-08-03
11434,Queens,Rochdale,Detected in the past 2 weeks,2026-08-04
11434,Queens,Rochdale,Detected in the past 2 weeks,2026-08-10
11434,Queens,Rochdale,Detected in the past 2 weeks,2026-08-11
11434,Queens,Rochdale,Detected in the past 2 weeks,2026-08-17
11434,Queens,Rochdale,Detected in the past 2 weeks,2026-08-19
11435,Queens,Briarwood,Detected earlier this season,2026-07-16
11435,Queens,Briarwood,Detected earlier this season,2026-07-30
11435,Queens,Briarwood,Detected earlier this season,2026-08-06
11436,Queens,Rochdale,Detected in the past 2 weeks,2026-07-13
11436,Queens,Rochdale,Detected in the past 2 weeks,2026-07-20
11436,Queens,Rochdale,Detected in the past 2 weeks,2026-07-28
11436,Queens,Rochdale,Detected in the past 2 weeks,2026-08-04
11436,Queens,Rochdale,Detected in the past 2 weeks,2026-08-10
11436,Queens,Rochdale,Detected in the past 2 weeks,2026-08-17
11691,Queens,"Far Rockaway, Edgemere",Detected in the past 2 weeks,2026-07-27
11691,Queens,"Far Rockaway, Edgemere",Detected in the past 2 weeks,2026-08-03
11691,Queens,"Far Rockaway, Edgemere",Detected in the past 2 weeks,2026-08-10
11691,Queens,"Far Rockaway, Edgemere",Detected in the past 2 weeks,2026-08-18
11692,Queens,Somerville,Detected in the past 2 weeks,2026-08-12
11692,Queens,Somerville,Detected in the past 2 weeks,2026-08-18
